CountyName,TimeStamp,ConfirmedCovidCases
Carlow,2020-02-27,0
Cavan,2020-02-27,0
Clare,2020-02-27,0
Cork,2020-02-27,0
Donegal,2020-02-27,0
Dublin,2020-02-27,0
Galway,2020-02-27,0
Kerry,2020-02-27,0
Kildare,2020-02-27,0
Kilkenny,2020-02-27,0
Laois,2020-02-27,0
Leitrim,2020-02-27,0
Limerick,2020-02-27,0
Longford,2020-02-27,0
Louth,2020-02-27,0
Mayo,2020-02-27,0
Meath,2020-02-27,0
Monaghan,2020-02-27,0
Offaly,2020-02-27,0
Roscommon,2020-02-27,0
Sligo,2020-02-27,0
Tipperary,2020-02-27,0
Waterford,2020-02-27,0
Westmeath,2020-02-27,0
Wexford,2020-02-27,0
Wicklow,2020-02-27,0
Carlow,2020-03-01,0
Cavan,2020-03-01,0
Clare,2020-03-01,0
Cork,2020-03-01,0
Donegal,2020-03-01,0
Dublin,2020-03-01,0
Galway,2020-03-01,0
Kerry,2020-03-01,0
Kildare,2020-03-01,0
Kilkenny,2020-03-01,0
Laois,2020-03-01,0
Leitrim,2020-03-01,0
Limerick,2020-03-01,0
Longford,2020-03-01,0
Louth,2020-03-01,0
Mayo,2020-03-01,0
Meath,2020-03-01,0
Monaghan,2020-03-01,0
Offaly,2020-03-01,0
Roscommon,2020-03-01,0
Sligo,2020-03-01,0
Tipperary,2020-03-01,0
Waterford,2020-03-01,0
Westmeath,2020-03-01,0
Wexford,2020-03-01,0
Wicklow,2020-03-01,0
Carlow,2020-03-02,0
Cavan,2020-03-02,0
Clare,2020-03-02,0
Cork,2020-03-02,0
Donegal,2020-03-02,0
Dublin,2020-03-02,0
Galway,2020-03-02,0
Kerry,2020-03-02,0
Kildare,2020-03-02,0
Kilkenny,2020-03-02,0
Laois,2020-03-02,0
Leitrim,2020-03-02,0
Limerick,2020-03-02,0
Longford,2020-03-02,0
Louth,2020-03-02,0
Mayo,2020-03-02,0
Meath,2020-03-02,0
Monaghan,2020-03-02,0
Offaly,2020-03-02,0
Roscommon,2020-03-02,0
Sligo,2020-03-02,0
Tipperary,2020-03-02,0
Waterford,2020-03-02,0
Westmeath,2020-03-02,0
Wexford,2020-03-02,0
Wicklow,2020-03-02,0
Carlow,2020-03-03,0
Cavan,2020-03-03,0
Clare,2020-03-03,0
Cork,2020-03-03,0
Donegal,2020-03-03,0
Dublin,2020-03-03,0
Galway,2020-03-03,0
Kerry,2020-03-03,0
Kildare,2020-03-03,0
Kilkenny,2020-03-03,0
Laois,2020-03-03,0
Leitrim,2020-03-03,0
Limerick,2020-03-03,0
Longford,2020-03-03,0
Louth,2020-03-03,0
Mayo,2020-03-03,0
Meath,2020-03-03,0
Monaghan,2020-03-03,0
Offaly,2020-03-03,0
Roscommon,2020-03-03,0
Sligo,2020-03-03,0
Tipperary,2020-03-03,0
Waterford,2020-03-03,0
Westmeath,2020-03-03,0
Wexford,2020-03-03,0
Wicklow,2020-03-03,0
Carlow,2020-03-04,0
Cavan,2020-03-04,0
Clare,2020-03-04,0
Cork,2020-03-04,0
Donegal,2020-03-04,0
Dublin,2020-03-04,0
Galway,2020-03-04,0
Kerry,2020-03-04,0
Kildare,2020-03-04,0
Kilkenny,2020-03-04,0
Laois,2020-03-04,0
Leitrim,2020-03-04,0
Limerick,2020-03-04,0
Longford,2020-03-04,0
Louth,2020-03-04,0
Mayo,2020-03-04,0
Meath,2020-03-04,0
Monaghan,2020-03-04,0
Offaly,2020-03-04,0
Roscommon,2020-03-04,0
Sligo,2020-03-04,0
Tipperary,2020-03-04,0
Waterford,2020-03-04,0
Westmeath,2020-03-04,0
Wexford,2020-03-04,0
Wicklow,2020-03-04,0
Carlow,2020-03-05,0
Cavan,2020-03-05,0
Clare,2020-03-05,0
Cork,2020-03-05,0
Donegal,2020-03-05,0
Dublin,2020-03-05,0
Galway,2020-03-05,0
Kerry,2020-03-05,0
Kildare,2020-03-05,0
Kilkenny,2020-03-05,0
Laois,2020-03-05,0
Leitrim,2020-03-05,0
Limerick,2020-03-05,0
Longford,2020-03-05,0
Louth,2020-03-05,0
Mayo,2020-03-05,0
Meath,2020-03-05,0
Monaghan,2020-03-05,0
Offaly,2020-03-05,0
Roscommon,2020-03-05,0
Sligo,2020-03-05,0
Tipperary,2020-03-05,0
Waterford,2020-03-05,0
Westmeath,2020-03-05,0
Wexford,2020-03-05,0
Wicklow,2020-03-05,0
Carlow,2020-03-06,0
Cavan,2020-03-06,0
Clare,2020-03-06,0
Cork,2020-03-06,0
Donegal,2020-03-06,0
Dublin,2020-03-06,0
Galway,2020-03-06,0
Kerry,2020-03-06,0
Kildare,2020-03-06,0
Kilkenny,2020-03-06,0
Laois,2020-03-06,0
Leitrim,2020-03-06,0
Limerick,2020-03-06,0
Longford,2020-03-06,0
Louth,2020-03-06,0
Mayo,2020-03-06,0
Meath,2020-03-06,0
Monaghan,2020-03-06,0
Offaly,2020-03-06,0
Roscommon,2020-03-06,0
Sligo,2020-03-06,0
Tipperary,2020-03-06,0
Waterford,2020-03-06,0
Westmeath,2020-03-06,0
Wexford,2020-03-06,0
Wicklow,2020-03-06,0
Carlow,2020-03-07,0
Cavan,2020-03-07,0
Clare,2020-03-07,0
Cork,2020-03-07,0
Donegal,2020-03-07,0
Dublin,2020-03-07,0
Galway,2020-03-07,0
Kerry,2020-03-07,0
Kildare,2020-03-07,0
Kilkenny,2020-03-07,0
Laois,2020-03-07,0
Leitrim,2020-03-07,0
Limerick,2020-03-07,0
Longford,2020-03-07,0
Louth,2020-03-07,0
Mayo,2020-03-07,0
Meath,2020-03-07,0
Monaghan,2020-03-07,0
Offaly,2020-03-07,0
Roscommon,2020-03-07,0
Sligo,2020-03-07,0
Tipperary,2020-03-07,0
Waterford,2020-03-07,0
Westmeath,2020-03-07,0
Wexford,2020-03-07,0
Wicklow,2020-03-07,0
Carlow,2020-03-08,0
Cavan,2020-03-08,0
Clare,2020-03-08,0
Cork,2020-03-08,0
Donegal,2020-03-08,0
Dublin,2020-03-08,0
Galway,2020-03-08,0
Kerry,2020-03-08,0
Kildare,2020-03-08,0
Kilkenny,2020-03-08,0
Laois,2020-03-08,0
Leitrim,2020-03-08,0
Limerick,2020-03-08,0
Longford,2020-03-08,0
Louth,2020-03-08,0
Mayo,2020-03-08,0
Meath,2020-03-08,0
Monaghan,2020-03-08,0
Offaly,2020-03-08,0
Roscommon,2020-03-08,0
Sligo,2020-03-08,0
Tipperary,2020-03-08,0
Waterford,2020-03-08,0
Westmeath,2020-03-08,0
Wexford,2020-03-08,0
Wicklow,2020-03-08,0
Carlow,2020-03-09,0
Cavan,2020-03-09,0
Clare,2020-03-09,0
Cork,2020-03-09,0
Donegal,2020-03-09,0
Dublin,2020-03-09,0
Galway,2020-03-09,0
Kerry,2020-03-09,0
Kildare,2020-03-09,0
Kilkenny,2020-03-09,0
Laois,2020-03-09,0
Leitrim,2020-03-09,0
Limerick,2020-03-09,0
Longford,2020-03-09,0
Louth,2020-03-09,0
Mayo,2020-03-09,0
Meath,2020-03-09,0
Monaghan,2020-03-09,0
Offaly,2020-03-09,0
Roscommon,2020-03-09,0
Sligo,2020-03-09,0
Tipperary,2020-03-09,0
Waterford,2020-03-09,0
Westmeath,2020-03-09,0
Wexford,2020-03-09,0
Wicklow,2020-03-09,0
Carlow,2020-03-10,0
Cavan,2020-03-10,0
Clare,2020-03-10,0
Cork,2020-03-10,0
Donegal,2020-03-10,0
Dublin,2020-03-10,0
Galway,2020-03-10,0
Kerry,2020-03-10,0
Kildare,2020-03-10,0
Kilkenny,2020-03-10,0
Laois,2020-03-10,0
Leitrim,2020-03-10,0
Limerick,2020-03-10,0
Longford,2020-03-10,0
Louth,2020-03-10,0
Mayo,2020-03-10,0
Meath,2020-03-10,0
Monaghan,2020-03-10,0
Offaly,2020-03-10,0
Roscommon,2020-03-10,0
Sligo,2020-03-10,0
Tipperary,2020-03-10,0
Waterford,2020-03-10,0
Westmeath,2020-03-10,0
Wexford,2020-03-10,0
Wicklow,2020-03-10,0
Carlow,2020-03-11,0
Cavan,2020-03-11,0
Clare,2020-03-11,0
Cork,2020-03-11,0
Donegal,2020-03-11,0
Dublin,2020-03-11,0
Galway,2020-03-11,0
Kerry,2020-03-11,0
Kildare,2020-03-11,0
Kilkenny,2020-03-11,0
Laois,2020-03-11,0
Leitrim,2020-03-11,0
Limerick,2020-03-11,0
Longford,2020-03-11,0
Louth,2020-03-11,0
Mayo,2020-03-11,0
Meath,2020-03-11,0
Monaghan,2020-03-11,0
Offaly,2020-03-11,0
Roscommon,2020-03-11,0
Sligo,2020-03-11,0
Tipperary,2020-03-11,0
Waterford,2020-03-11,0
Westmeath,2020-03-11,0
Wexford,2020-03-11,0
Wicklow,2020-03-11,0
Carlow,2020-03-12,0
Cavan,2020-03-12,0
Clare,2020-03-12,0
Cork,2020-03-12,0
Donegal,2020-03-12,0
Dublin,2020-03-12,0
Galway,2020-03-12,0
Kerry,2020-03-12,0
Kildare,2020-03-12,0
Kilkenny,2020-03-12,0
Laois,2020-03-12,0
Leitrim,2020-03-12,0
Limerick,2020-03-12,0
Longford,2020-03-12,0
Louth,2020-03-12,0
Mayo,2020-03-12,0
Meath,2020-03-12,0
Monaghan,2020-03-12,0
Offaly,2020-03-12,0
Roscommon,2020-03-12,0
Sligo,2020-03-12,0
Tipperary,2020-03-12,0
Waterford,2020-03-12,0
Westmeath,2020-03-12,0
Wexford,2020-03-12,0
Wicklow,2020-03-12,0
Carlow,2020-03-13,0
Cavan,2020-03-13,0
Clare,2020-03-13,0
Cork,2020-03-13,0
Donegal,2020-03-13,0
Dublin,2020-03-13,0
Galway,2020-03-13,0
Kerry,2020-03-13,0
Kildare,2020-03-13,0
Kilkenny,2020-03-13,0
Laois,2020-03-13,0
Leitrim,2020-03-13,0
Limerick,2020-03-13,0
Longford,2020-03-13,0
Louth,2020-03-13,0
Mayo,2020-03-13,0
Meath,2020-03-13,0
Monaghan,2020-03-13,0
Offaly,2020-03-13,0
Roscommon,2020-03-13,0
Sligo,2020-03-13,0
Tipperary,2020-03-13,0
Waterford,2020-03-13,0
Westmeath,2020-03-13,0
Wexford,2020-03-13,0
Wicklow,2020-03-13,0
Carlow,2020-03-14,0
Cavan,2020-03-14,0
Clare,2020-03-14,0
Cork,2020-03-14,0
Donegal,2020-03-14,0
Dublin,2020-03-14,0
Galway,2020-03-14,0
Kerry,2020-03-14,0
Kildare,2020-03-14,0
Kilkenny,2020-03-14,0
Laois,2020-03-14,0
Leitrim,2020-03-14,0
Limerick,2020-03-14,0
Longford,2020-03-14,0
Louth,2020-03-14,0
Mayo,2020-03-14,0
Meath,2020-03-14,0
Monaghan,2020-03-14,0
Offaly,2020-03-14,0
Roscommon,2020-03-14,0
Sligo,2020-03-14,0
Tipperary,2020-03-14,0
Waterford,2020-03-14,0
Westmeath,2020-03-14,0
Wexford,2020-03-14,0
Wicklow,2020-03-14,0
Carlow,2020-03-15,0
Cavan,2020-03-15,0
Clare,2020-03-15,0
Cork,2020-03-15,0
Donegal,2020-03-15,0
Dublin,2020-03-15,0
Galway,2020-03-15,0
Kerry,2020-03-15,0
Kildare,2020-03-15,0
Kilkenny,2020-03-15,0
Laois,2020-03-15,0
Leitrim,2020-03-15,0
Limerick,2020-03-15,0
Longford,2020-03-15,0
Louth,2020-03-15,0
Mayo,2020-03-15,0
Meath,2020-03-15,0
Monaghan,2020-03-15,0
Offaly,2020-03-15,0
Roscommon,2020-03-15,0
Sligo,2020-03-15,0
Tipperary,2020-03-15,0
Waterford,2020-03-15,0
Westmeath,2020-03-15,0
Wexford,2020-03-15,0
Wicklow,2020-03-15,0
Carlow,2020-03-16,0
Cavan,2020-03-16,0
Clare,2020-03-16,0
Cork,2020-03-16,0
Donegal,2020-03-16,0
Dublin,2020-03-16,0
Galway,2020-03-16,0
Kerry,2020-03-16,0
Kildare,2020-03-16,0
Kilkenny,2020-03-16,0
Laois,2020-03-16,0
Leitrim,2020-03-16,0
Limerick,2020-03-16,0
Longford,2020-03-16,0
Louth,2020-03-16,0
Mayo,2020-03-16,0
Meath,2020-03-16,0
Monaghan,2020-03-16,0
Offaly,2020-03-16,0
Roscommon,2020-03-16,0
Sligo,2020-03-16,0
Tipperary,2020-03-16,0
Waterford,2020-03-16,0
Westmeath,2020-03-16,0
Wexford,2020-03-16,0
Wicklow,2020-03-16,0
Carlow,2020-03-17,0
Cavan,2020-03-17,0
Clare,2020-03-17,0
Cork,2020-03-17,0
Donegal,2020-03-17,0
Dublin,2020-03-17,0
Galway,2020-03-17,0
Kerry,2020-03-17,0
Kildare,2020-03-17,0
Kilkenny,2020-03-17,0
Laois,2020-03-17,0
Leitrim,2020-03-17,0
Limerick,2020-03-17,0
Longford,2020-03-17,0
Louth,2020-03-17,0
Mayo,2020-03-17,0
Meath,2020-03-17,0
Monaghan,2020-03-17,0
Offaly,2020-03-17,0
Roscommon,2020-03-17,0
Sligo,2020-03-17,0
Tipperary,2020-03-17,0
Waterford,2020-03-17,0
Westmeath,2020-03-17,0
Wexford,2020-03-17,0
Wicklow,2020-03-17,0
Carlow,2020-03-18,0
Cavan,2020-03-18,0
Clare,2020-03-18,0
Cork,2020-03-18,0
Donegal,2020-03-18,0
Dublin,2020-03-18,0
Galway,2020-03-18,0
Kerry,2020-03-18,0
Kildare,2020-03-18,0
Kilkenny,2020-03-18,0
Laois,2020-03-18,0
Leitrim,2020-03-18,0
Limerick,2020-03-18,0
Longford,2020-03-18,0
Louth,2020-03-18,0
Mayo,2020-03-18,0
Meath,2020-03-18,0
Monaghan,2020-03-18,0
Offaly,2020-03-18,0
Roscommon,2020-03-18,0
Sligo,2020-03-18,0
Tipperary,2020-03-18,0
Waterford,2020-03-18,0
Westmeath,2020-03-18,0
Wexford,2020-03-18,0
Wicklow,2020-03-18,0
Carlow,2020-03-19,0
Cavan,2020-03-19,0
Clare,2020-03-19,0
Cork,2020-03-19,0
Donegal,2020-03-19,0
Dublin,2020-03-19,0
Galway,2020-03-19,0
Kerry,2020-03-19,0
Kildare,2020-03-19,0
Kilkenny,2020-03-19,0
Laois,2020-03-19,0
Leitrim,2020-03-19,0
Limerick,2020-03-19,0
Longford,2020-03-19,0
Louth,2020-03-19,0
Mayo,2020-03-19,0
Meath,2020-03-19,0
Monaghan,2020-03-19,0
Offaly,2020-03-19,0
Roscommon,2020-03-19,0
Sligo,2020-03-19,0
Tipperary,2020-03-19,0
Waterford,2020-03-19,0
Westmeath,2020-03-19,0
Wexford,2020-03-19,0
Wicklow,2020-03-19,0
Carlow,2020-03-20,0
Cavan,2020-03-20,0
Clare,2020-03-20,0
Cork,2020-03-20,0
Donegal,2020-03-20,0
Dublin,2020-03-20,0
Galway,2020-03-20,0
Kerry,2020-03-20,0
Kildare,2020-03-20,0
Kilkenny,2020-03-20,0
Laois,2020-03-20,0
Leitrim,2020-03-20,0
Limerick,2020-03-20,0
Longford,2020-03-20,0
Louth,2020-03-20,0
Mayo,2020-03-20,0
Meath,2020-03-20,0
Monaghan,2020-03-20,0
Offaly,2020-03-20,0
Roscommon,2020-03-20,0
Sligo,2020-03-20,0
Tipperary,2020-03-20,0
Waterford,2020-03-20,0
Westmeath,2020-03-20,0
Wexford,2020-03-20,0
Wicklow,2020-03-20,0
Carlow,2020-03-21,3
Cavan,2020-03-21,3
Clare,2020-03-21,9
Cork,2020-03-21,104
Donegal,2020-03-21,8
Dublin,2020-03-21,471
Galway,2020-03-21,33
Kerry,2020-03-21,12
Kildare,2020-03-21,23
Kilkenny,2020-03-21,15
Laois,2020-03-21,6
Leitrim,2020-03-21,3
Limerick,2020-03-21,18
Longford,2020-03-21,3
Louth,2020-03-21,13
Mayo,2020-03-21,6
Meath,2020-03-21,13
Monaghan,2020-03-21,3
Offaly,2020-03-21,10
Roscommon,2020-03-21,3
Sligo,2020-03-21,8
Tipperary,2020-03-21,20
Waterford,2020-03-21,9
Westmeath,2020-03-21,20
Wexford,2020-03-21,3
Wicklow,2020-03-21,22
Carlow,2020-03-22,3
Cavan,2020-03-22,5
Clare,2020-03-22,11
Cork,2020-03-22,123
Donegal,2020-03-22,11
Dublin,2020-03-22,535
Galway,2020-03-22,35
Kerry,2020-03-22,15
Kildare,2020-03-22,25
Kilkenny,2020-03-22,16
Laois,2020-03-22,8
Leitrim,2020-03-22,3
Limerick,2020-03-22,19
Longford,2020-03-22,3
Louth,2020-03-22,16
Mayo,2020-03-22,9
Meath,2020-03-22,16
Monaghan,2020-03-22,3
Offaly,2020-03-22,13
Roscommon,2020-03-22,3
Sligo,2020-03-22,8
Tipperary,2020-03-22,20
Waterford,2020-03-22,13
Westmeath,2020-03-22,21
Wexford,2020-03-22,7
Wicklow,2020-03-22,28
Carlow,2020-03-23,3
Cavan,2020-03-23,5
Clare,2020-03-23,12
Cork,2020-03-23,133
Donegal,2020-03-23,11
Dublin,2020-03-23,659
Galway,2020-03-23,40
Kerry,2020-03-23,33
Kildare,2020-03-23,34
Kilkenny,2020-03-23,16
Laois,2020-03-23,9
Leitrim,2020-03-23,3
Limerick,2020-03-23,19
Longford,2020-03-23,4
Louth,2020-03-23,18
Mayo,2020-03-23,9
Meath,2020-03-23,24
Monaghan,2020-03-23,3
Offaly,2020-03-23,13
Roscommon,2020-03-23,3
Sligo,2020-03-23,8
Tipperary,2020-03-23,20
Waterford,2020-03-23,15
Westmeath,2020-03-23,25
Wexford,2020-03-23,7
Wicklow,2020-03-23,39
Carlow,2020-03-24,3
Cavan,2020-03-24,6
Clare,2020-03-24,25
Cork,2020-03-24,154
Donegal,2020-03-24,12
Dublin,2020-03-24,774
Galway,2020-03-24,45
Kerry,2020-03-24,38
Kildare,2020-03-24,39
Kilkenny,2020-03-24,19
Laois,2020-03-24,9
Leitrim,2020-03-24,3
Limerick,2020-03-24,24
Longford,2020-03-24,3
Louth,2020-03-24,20
Mayo,2020-03-24,14
Meath,2020-03-24,27
Monaghan,2020-03-24,3
Offaly,2020-03-24,16
Roscommon,2020-03-24,5
Sligo,2020-03-24,8
Tipperary,2020-03-24,27
Waterford,2020-03-24,22
Westmeath,2020-03-24,29
Wexford,2020-03-24,8
Wicklow,2020-03-24,49
Carlow,2020-03-25,3
Cavan,2020-03-25,9
Clare,2020-03-25,26
Cork,2020-03-25,171
Donegal,2020-03-25,15
Dublin,2020-03-25,922
Galway,2020-03-25,57
Kerry,2020-03-25,44
Kildare,2020-03-25,45
Kilkenny,2020-03-25,20
Laois,2020-03-25,10
Leitrim,2020-03-25,3
Limerick,2020-03-25,36
Longford,2020-03-25,5
Louth,2020-03-25,24
Mayo,2020-03-25,18
Meath,2020-03-25,33
Monaghan,2020-03-25,5
Offaly,2020-03-25,19
Roscommon,2020-03-25,7
Sligo,2020-03-25,8
Tipperary,2020-03-25,34
Waterford,2020-03-25,25
Westmeath,2020-03-25,39
Wexford,2020-03-25,9
Wicklow,2020-03-25,52
Carlow,2020-03-26,3
Cavan,2020-03-26,11
Clare,2020-03-26,31
Cork,2020-03-26,184
Donegal,2020-03-26,15
Dublin,2020-03-26,1070
Galway,2020-03-26,63
Kerry,2020-03-26,47
Kildare,2020-03-26,56
Kilkenny,2020-03-26,29
Laois,2020-03-26,11
Leitrim,2020-03-26,3
Limerick,2020-03-26,46
Longford,2020-03-26,5
Louth,2020-03-26,27
Mayo,2020-03-26,21
Meath,2020-03-26,41
Monaghan,2020-03-26,8
Offaly,2020-03-26,22
Roscommon,2020-03-26,8
Sligo,2020-03-26,10
Tipperary,2020-03-26,44
Waterford,2020-03-26,29
Westmeath,2020-03-26,52
Wexford,2020-03-26,10
Wicklow,2020-03-26,58
Carlow,2020-03-27,3
Cavan,2020-03-27,19
Clare,2020-03-27,34
Cork,2020-03-27,208
Donegal,2020-03-27,24
Dublin,2020-03-27,1233
Galway,2020-03-27,68
Kerry,2020-03-27,53
Kildare,2020-03-27,61
Kilkenny,2020-03-27,33
Laois,2020-03-27,14
Leitrim,2020-03-27,3
Limerick,2020-03-27,55
Longford,2020-03-27,10
Louth,2020-03-27,34
Mayo,2020-03-27,26
Meath,2020-03-27,46
Monaghan,2020-03-27,11
Offaly,2020-03-27,29
Roscommon,2020-03-27,10
Sligo,2020-03-27,12
Tipperary,2020-03-27,53
Waterford,2020-03-27,31
Westmeath,2020-03-27,67
Wexford,2020-03-27,12
Wicklow,2020-03-27,65
Carlow,2020-03-28,3
Cavan,2020-03-28,24
Clare,2020-03-28,34
Cork,2020-03-28,217
Donegal,2020-03-28,36
Dublin,2020-03-28,1393
Galway,2020-03-28,77
Kerry,2020-03-28,60
Kildare,2020-03-28,64
Kilkenny,2020-03-28,36
Laois,2020-03-28,14
Leitrim,2020-03-28,6
Limerick,2020-03-28,64
Longford,2020-03-28,10
Louth,2020-03-28,39
Mayo,2020-03-28,28
Meath,2020-03-28,47
Monaghan,2020-03-28,12
Offaly,2020-03-28,34
Roscommon,2020-03-28,10
Sligo,2020-03-28,19
Tipperary,2020-03-28,62
Waterford,2020-03-28,34
Westmeath,2020-03-28,70
Wexford,2020-03-28,12
Wicklow,2020-03-28,69
Carlow,2020-03-29,3
Cavan,2020-03-29,31
Clare,2020-03-29,40
Cork,2020-03-29,238
Donegal,2020-03-29,46
Dublin,2020-03-29,1487
Galway,2020-03-29,86
Kerry,2020-03-29,66
Kildare,2020-03-29,66
Kilkenny,2020-03-29,36
Laois,2020-03-29,15
Leitrim,2020-03-29,6
Limerick,2020-03-29,67
Longford,2020-03-29,10
Louth,2020-03-29,44
Mayo,2020-03-29,36
Meath,2020-03-29,54
Monaghan,2020-03-29,13
Offaly,2020-03-29,34
Roscommon,2020-03-29,10
Sligo,2020-03-29,19
Tipperary,2020-03-29,71
Waterford,2020-03-29,33
Westmeath,2020-03-29,77
Wexford,2020-03-29,15
Wicklow,2020-03-29,73
Carlow,2020-03-30,3
Cavan,2020-03-30,36
Clare,2020-03-30,45
Cork,2020-03-30,255
Donegal,2020-03-30,63
Dublin,2020-03-30,1645
Galway,2020-03-30,88
Kerry,2020-03-30,68
Kildare,2020-03-30,80
Kilkenny,2020-03-30,37
Laois,2020-03-30,16
Leitrim,2020-03-30,10
Limerick,2020-03-30,87
Longford,2020-03-30,12
Louth,2020-03-30,51
Mayo,2020-03-30,48
Meath,2020-03-30,66
Monaghan,2020-03-30,13
Offaly,2020-03-30,40
Roscommon,2020-03-30,10
Sligo,2020-03-30,22
Tipperary,2020-03-30,85
Waterford,2020-03-30,37
Westmeath,2020-03-30,80
Wexford,2020-03-30,15
Wicklow,2020-03-30,77
Carlow,2020-03-31,3
Cavan,2020-03-31,39
Clare,2020-03-31,49
Cork,2020-03-31,272
Donegal,2020-03-31,68
Dublin,2020-03-31,1838
Galway,2020-03-31,91
Kerry,2020-03-31,72
Kildare,2020-03-31,90
Kilkenny,2020-03-31,37
Laois,2020-03-31,16
Leitrim,2020-03-31,12
Limerick,2020-03-31,94
Longford,2020-03-31,14
Louth,2020-03-31,52
Mayo,2020-03-31,52
Meath,2020-03-31,74
Monaghan,2020-03-31,17
Offaly,2020-03-31,46
Roscommon,2020-03-31,10
Sligo,2020-03-31,25
Tipperary,2020-03-31,91
Waterford,2020-03-31,38
Westmeath,2020-03-31,81
Wexford,2020-03-31,16
Wicklow,2020-03-31,84
Carlow,2020-04-01,3
Cavan,2020-04-01,41
Clare,2020-04-01,50
Cork,2020-04-01,292
Donegal,2020-04-01,77
Dublin,2020-04-01,2077
Galway,2020-04-01,98
Kerry,2020-04-01,79
Kildare,2020-04-01,103
Kilkenny,2020-04-01,47
Laois,2020-04-01,16
Leitrim,2020-04-01,12
Limerick,2020-04-01,96
Longford,2020-04-01,16
Louth,2020-04-01,54
Mayo,2020-04-01,55
Meath,2020-04-01,88
Monaghan,2020-04-01,18
Offaly,2020-04-01,47
Roscommon,2020-04-01,13
Sligo,2020-04-01,26
Tipperary,2020-04-01,94
Waterford,2020-04-01,43
Westmeath,2020-04-01,86
Wexford,2020-04-01,18
Wicklow,2020-04-01,105
Carlow,2020-04-02,6
Cavan,2020-04-02,67
Clare,2020-04-02,54
Cork,2020-04-02,304
Donegal,2020-04-02,80
Dublin,2020-04-02,2251
Galway,2020-04-02,105
Kerry,2020-04-02,84
Kildare,2020-04-02,136
Kilkenny,2020-04-02,54
Laois,2020-04-02,21
Leitrim,2020-04-02,13
Limerick,2020-04-02,116
Longford,2020-04-02,17
Louth,2020-04-02,55
Mayo,2020-04-02,63
Meath,2020-04-02,93
Monaghan,2020-04-02,20
Offaly,2020-04-02,63
Roscommon,2020-04-02,13
Sligo,2020-04-02,27
Tipperary,2020-04-02,105
Waterford,2020-04-02,43
Westmeath,2020-04-02,92
Wexford,2020-04-02,20
Wicklow,2020-04-02,112
Carlow,2020-04-03,12
Cavan,2020-04-03,76
Clare,2020-04-03,54
Cork,2020-04-03,343
Donegal,2020-04-03,81
Dublin,2020-04-03,2490
Galway,2020-04-03,108
Kerry,2020-04-03,85
Kildare,2020-04-03,152
Kilkenny,2020-04-03,73
Laois,2020-04-03,22
Leitrim,2020-04-03,13
Limerick,2020-04-03,128
Longford,2020-04-03,17
Louth,2020-04-03,64
Mayo,2020-04-03,78
Meath,2020-04-03,106
Monaghan,2020-04-03,23
Offaly,2020-04-03,64
Roscommon,2020-04-03,15
Sligo,2020-04-03,28
Tipperary,2020-04-03,118
Waterford,2020-04-03,46
Westmeath,2020-04-03,94
Wexford,2020-04-03,21
Wicklow,2020-04-03,132
Carlow,2020-04-04,12
Cavan,2020-04-04,115
Clare,2020-04-04,60
Cork,2020-04-04,362
Donegal,2020-04-04,103
Dublin,2020-04-04,2692
Galway,2020-04-04,112
Kerry,2020-04-04,89
Kildare,2020-04-04,175
Kilkenny,2020-04-04,75
Laois,2020-04-04,25
Leitrim,2020-04-04,14
Limerick,2020-04-04,140
Longford,2020-04-04,21
Louth,2020-04-04,65
Mayo,2020-04-04,107
Meath,2020-04-04,141
Monaghan,2020-04-04,52
Offaly,2020-04-04,66
Roscommon,2020-04-04,18
Sligo,2020-04-04,28
Tipperary,2020-04-04,125
Waterford,2020-04-04,49
Westmeath,2020-04-04,107
Wexford,2020-04-04,21
Wicklow,2020-04-04,142
Carlow,2020-04-05,12
Cavan,2020-04-05,123
Clare,2020-04-05,65
Cork,2020-04-05,421
Donegal,2020-04-05,114
Dublin,2020-04-05,3061
Galway,2020-04-05,128
Kerry,2020-04-05,117
Kildare,2020-04-05,200
Kilkenny,2020-04-05,79
Laois,2020-04-05,31
Leitrim,2020-04-05,18
Limerick,2020-04-05,143
Longford,2020-04-05,25
Louth,2020-04-05,85
Mayo,2020-04-05,126
Meath,2020-04-05,168
Monaghan,2020-04-05,58
Offaly,2020-04-05,73
Roscommon,2020-04-05,22
Sligo,2020-04-05,28
Tipperary,2020-04-05,133
Waterford,2020-04-05,49
Westmeath,2020-04-05,121
Wexford,2020-04-05,22
Wicklow,2020-04-05,171
Carlow,2020-04-06,15
Cavan,2020-04-06,129
Clare,2020-04-06,66
Cork,2020-04-06,431
Donegal,2020-04-06,120
Dublin,2020-04-06,3268
Galway,2020-04-06,134
Kerry,2020-04-06,122
Kildare,2020-04-06,233
Kilkenny,2020-04-06,88
Laois,2020-04-06,34
Leitrim,2020-04-06,20
Limerick,2020-04-06,160
Longford,2020-04-06,35
Louth,2020-04-06,96
Mayo,2020-04-06,130
Meath,2020-04-06,183
Monaghan,2020-04-06,62
Offaly,2020-04-06,77
Roscommon,2020-04-06,22
Sligo,2020-04-06,28
Tipperary,2020-04-06,137
Waterford,2020-04-06,52
Westmeath,2020-04-06,134
Wexford,2020-04-06,24
Wicklow,2020-04-06,181
Carlow,2020-04-07,16
Cavan,2020-04-07,132
Clare,2020-04-07,68
Cork,2020-04-07,472
Donegal,2020-04-07,125
Dublin,2020-04-07,3557
Galway,2020-04-07,134
Kerry,2020-04-07,125
Kildare,2020-04-07,253
Kilkenny,2020-04-07,90
Laois,2020-04-07,37
Leitrim,2020-04-07,23
Limerick,2020-04-07,173
Longford,2020-04-07,36
Louth,2020-04-07,106
Mayo,2020-04-07,134
Meath,2020-04-07,198
Monaghan,2020-04-07,63
Offaly,2020-04-07,81
Roscommon,2020-04-07,22
Sligo,2020-04-07,28
Tipperary,2020-04-07,140
Waterford,2020-04-07,56
Westmeath,2020-04-07,142
Wexford,2020-04-07,26
Wicklow,2020-04-07,207
Carlow,2020-04-08,19
Cavan,2020-04-08,151
Clare,2020-04-08,69
Cork,2020-04-08,503
Donegal,2020-04-08,145
Dublin,2020-04-08,3873
Galway,2020-04-08,160
Kerry,2020-04-08,145
Kildare,2020-04-08,290
Kilkenny,2020-04-08,96
Laois,2020-04-08,49
Leitrim,2020-04-08,25
Limerick,2020-04-08,186
Longford,2020-04-08,41
Louth,2020-04-08,116
Mayo,2020-04-08,153
Meath,2020-04-08,206
Monaghan,2020-04-08,69
Offaly,2020-04-08,88
Roscommon,2020-04-08,26
Sligo,2020-04-08,31
Tipperary,2020-04-08,151
Waterford,2020-04-08,60
Westmeath,2020-04-08,152
Wexford,2020-04-08,30
Wicklow,2020-04-08,237
Carlow,2020-04-09,22
Cavan,2020-04-09,169
Clare,2020-04-09,85
Cork,2020-04-09,581
Donegal,2020-04-09,167
Dublin,2020-04-09,4156
Galway,2020-04-09,169
Kerry,2020-04-09,155
Kildare,2020-04-09,332
Kilkenny,2020-04-09,115
Laois,2020-04-09,61
Leitrim,2020-04-09,31
Limerick,2020-04-09,222
Longford,2020-04-09,45
Louth,2020-04-09,133
Mayo,2020-04-09,168
Meath,2020-04-09,230
Monaghan,2020-04-09,81
Offaly,2020-04-09,104
Roscommon,2020-04-09,27
Sligo,2020-04-09,39
Tipperary,2020-04-09,166
Waterford,2020-04-09,63
Westmeath,2020-04-09,181
Wexford,2020-04-09,39
Wicklow,2020-04-09,246
Carlow,2020-04-10,32
Cavan,2020-04-10,210
Clare,2020-04-10,88
Cork,2020-04-10,648
Donegal,2020-04-10,188
Dublin,2020-04-10,4514
Galway,2020-04-10,178
Kerry,2020-04-10,170
Kildare,2020-04-10,360
Kilkenny,2020-04-10,124
Laois,2020-04-10,71
Leitrim,2020-04-10,32
Limerick,2020-04-10,234
Longford,2020-04-10,49
Louth,2020-04-10,143
Mayo,2020-04-10,183
Meath,2020-04-10,249
Monaghan,2020-04-10,88
Offaly,2020-04-10,119
Roscommon,2020-04-10,31
Sligo,2020-04-10,45
Tipperary,2020-04-10,175
Waterford,2020-04-10,67
Westmeath,2020-04-10,192
Wexford,2020-04-10,43
Wicklow,2020-04-10,263
Carlow,2020-04-11,38
Cavan,2020-04-11,222
Clare,2020-04-11,98
Cork,2020-04-11,730
Donegal,2020-04-11,225
Dublin,2020-04-11,5006
Galway,2020-04-11,197
Kerry,2020-04-11,200
Kildare,2020-04-11,404
Kilkenny,2020-04-11,136
Laois,2020-04-11,88
Leitrim,2020-04-11,32
Limerick,2020-04-11,252
Longford,2020-04-11,56
Louth,2020-04-11,195
Mayo,2020-04-11,194
Meath,2020-04-11,289
Monaghan,2020-04-11,95
Offaly,2020-04-11,133
Roscommon,2020-04-11,39
Sligo,2020-04-11,45
Tipperary,2020-04-11,200
Waterford,2020-04-11,73
Westmeath,2020-04-11,213
Wexford,2020-04-11,52
Wicklow,2020-04-11,272
Carlow,2020-04-12,44
Cavan,2020-04-12,245
Clare,2020-04-12,106
Cork,2020-04-12,780
Donegal,2020-04-12,264
Dublin,2020-04-12,5438
Galway,2020-04-12,220
Kerry,2020-04-12,219
Kildare,2020-04-12,443
Kilkenny,2020-04-12,144
Laois,2020-04-12,101
Leitrim,2020-04-12,36
Limerick,2020-04-12,265
Longford,2020-04-12,58
Louth,2020-04-12,208
Mayo,2020-04-12,198
Meath,2020-04-12,342
Monaghan,2020-04-12,123
Offaly,2020-04-12,144
Roscommon,2020-04-12,48
Sligo,2020-04-12,52
Tipperary,2020-04-12,219
Waterford,2020-04-12,81
Westmeath,2020-04-12,234
Wexford,2020-04-12,56
Wicklow,2020-04-12,317
Carlow,2020-04-13,53
Cavan,2020-04-13,254
Clare,2020-04-13,113
Cork,2020-04-13,829
Donegal,2020-04-13,296
Dublin,2020-04-13,5850
Galway,2020-04-13,237
Kerry,2020-04-13,226
Kildare,2020-04-13,509
Kilkenny,2020-04-13,164
Laois,2020-04-13,118
Leitrim,2020-04-13,40
Limerick,2020-04-13,285
Longford,2020-04-13,69
Louth,2020-04-13,236
Mayo,2020-04-13,216
Meath,2020-04-13,369
Monaghan,2020-04-13,147
Offaly,2020-04-13,150
Roscommon,2020-04-13,50
Sligo,2020-04-13,62
Tipperary,2020-04-13,237
Waterford,2020-04-13,90
Westmeath,2020-04-13,258
Wexford,2020-04-13,61
Wicklow,2020-04-13,342
Carlow,2020-04-14,59
Cavan,2020-04-14,310
Clare,2020-04-14,119
Cork,2020-04-14,916
Donegal,2020-04-14,320
Dublin,2020-04-14,6337
Galway,2020-04-14,260
Kerry,2020-04-14,246
Kildare,2020-04-14,567
Kilkenny,2020-04-14,173
Laois,2020-04-14,133
Leitrim,2020-04-14,43
Limerick,2020-04-14,307
Longford,2020-04-14,77
Louth,2020-04-14,350
Mayo,2020-04-14,249
Meath,2020-04-14,405
Monaghan,2020-04-14,161
Offaly,2020-04-14,163
Roscommon,2020-04-14,57
Sligo,2020-04-14,66
Tipperary,2020-04-14,251
Waterford,2020-04-14,101
Westmeath,2020-04-14,309
Wexford,2020-04-14,71
Wicklow,2020-04-14,375
Carlow,2020-04-15,59
Cavan,2020-04-15,345
Clare,2020-04-15,136
Cork,2020-04-15,945
Donegal,2020-04-15,352
Dublin,2020-04-15,6567
Galway,2020-04-15,266
Kerry,2020-04-15,254
Kildare,2020-04-15,621
Kilkenny,2020-04-15,179
Laois,2020-04-15,139
Leitrim,2020-04-15,46
Limerick,2020-04-15,343
Longford,2020-04-15,79
Louth,2020-04-15,384
Mayo,2020-04-15,259
Meath,2020-04-15,421
Monaghan,2020-04-15,166
Offaly,2020-04-15,171
Roscommon,2020-04-15,61
Sligo,2020-04-15,69
Tipperary,2020-04-15,270
Waterford,2020-04-15,102
Westmeath,2020-04-15,318
Wexford,2020-04-15,76
Wicklow,2020-04-15,384
Carlow,2020-04-16,69
Cavan,2020-04-16,353
Clare,2020-04-16,151
Cork,2020-04-16,979
Donegal,2020-04-16,369
Dublin,2020-04-16,6934
Galway,2020-04-16,273
Kerry,2020-04-16,256
Kildare,2020-04-16,684
Kilkenny,2020-04-16,188
Laois,2020-04-16,147
Leitrim,2020-04-16,46
Limerick,2020-04-16,382
Longford,2020-04-16,83
Louth,2020-04-16,406
Mayo,2020-04-16,273
Meath,2020-04-16,461
Monaghan,2020-04-16,170
Offaly,2020-04-16,177
Roscommon,2020-04-16,74
Sligo,2020-04-16,70
Tipperary,2020-04-16,283
Waterford,2020-04-16,110
Westmeath,2020-04-16,332
Wexford,2020-04-16,85
Wicklow,2020-04-16,391
Carlow,2020-04-17,71
Cavan,2020-04-17,386
Clare,2020-04-17,153
Cork,2020-04-17,1028
Donegal,2020-04-17,376
Dublin,2020-04-17,7379
Galway,2020-04-17,283
Kerry,2020-04-17,262
Kildare,2020-04-17,763
Kilkenny,2020-04-17,197
Laois,2020-04-17,168
Leitrim,2020-04-17,47
Limerick,2020-04-17,384
Longford,2020-04-17,88
Louth,2020-04-17,405
Mayo,2020-04-17,312
Meath,2020-04-17,500
Monaghan,2020-04-17,174
Offaly,2020-04-17,187
Roscommon,2020-04-17,76
Sligo,2020-04-17,76
Tipperary,2020-04-17,292
Waterford,2020-04-17,112
Westmeath,2020-04-17,358
Wexford,2020-04-17,98
Wicklow,2020-04-17,437
Carlow,2020-04-18,78
Cavan,2020-04-18,401
Clare,2020-04-18,160
Cork,2020-04-18,1047
Donegal,2020-04-18,383
Dublin,2020-04-18,7666
Galway,2020-04-18,294
Kerry,2020-04-18,268
Kildare,2020-04-18,817
Kilkenny,2020-04-18,206
Laois,2020-04-18,170
Leitrim,2020-04-18,49
Limerick,2020-04-18,401
Longford,2020-04-18,91
Louth,2020-04-18,437
Mayo,2020-04-18,332
Meath,2020-04-18,513
Monaghan,2020-04-18,187
Offaly,2020-04-18,190
Roscommon,2020-04-18,91
Sligo,2020-04-18,78
Tipperary,2020-04-18,300
Waterford,2020-04-18,113
Westmeath,2020-04-18,369
Wexford,2020-04-18,100
Wicklow,2020-04-18,444
Carlow,2020-04-19,79
Cavan,2020-04-19,403
Clare,2020-04-19,164
Cork,2020-04-19,1053
Donegal,2020-04-19,392
Dublin,2020-04-19,7781
Galway,2020-04-19,294
Kerry,2020-04-19,268
Kildare,2020-04-19,822
Kilkenny,2020-04-19,210
Laois,2020-04-19,177
Leitrim,2020-04-19,54
Limerick,2020-04-19,409
Longford,2020-04-19,94
Louth,2020-04-19,469
Mayo,2020-04-19,335
Meath,2020-04-19,522
Monaghan,2020-04-19,199
Offaly,2020-04-19,195
Roscommon,2020-04-19,91
Sligo,2020-04-19,93
Tipperary,2020-04-19,306
Waterford,2020-04-19,117
Westmeath,2020-04-19,377
Wexford,2020-04-19,114
Wicklow,2020-04-19,446
Carlow,2020-04-20,80
Cavan,2020-04-20,430
Clare,2020-04-20,165
Cork,2020-04-20,1077
Donegal,2020-04-20,416
Dublin,2020-04-20,7905
Galway,2020-04-20,309
Kerry,2020-04-20,268
Kildare,2020-04-20,851
Kilkenny,2020-04-20,216
Laois,2020-04-20,185
Leitrim,2020-04-20,55
Limerick,2020-04-20,415
Longford,2020-04-20,101
Louth,2020-04-20,489
Mayo,2020-04-20,339
Meath,2020-04-20,539
Monaghan,2020-04-20,220
Offaly,2020-04-20,198
Roscommon,2020-04-20,91
Sligo,2020-04-20,97
Tipperary,2020-04-20,320
Waterford,2020-04-20,119
Westmeath,2020-04-20,386
Wexford,2020-04-20,137
Wicklow,2020-04-20,463
Carlow,2020-04-21,84
Cavan,2020-04-21,466
Clare,2020-04-21,187
Cork,2020-04-21,1087
Donegal,2020-04-21,431
Dublin,2020-04-21,8216
Galway,2020-04-21,315
Kerry,2020-04-21,271
Kildare,2020-04-21,875
Kilkenny,2020-04-21,222
Laois,2020-04-21,192
Leitrim,2020-04-21,56
Limerick,2020-04-21,420
Longford,2020-04-21,102
Louth,2020-04-21,506
Mayo,2020-04-21,365
Meath,2020-04-21,550
Monaghan,2020-04-21,249
Offaly,2020-04-21,205
Roscommon,2020-04-21,92
Sligo,2020-04-21,98
Tipperary,2020-04-21,327
Waterford,2020-04-21,122
Westmeath,2020-04-21,395
Wexford,2020-04-21,137
Wicklow,2020-04-21,469
Carlow,2020-04-22,86
Cavan,2020-04-22,506
Clare,2020-04-22,206
Cork,2020-04-22,1096
Donegal,2020-04-22,440
Dublin,2020-04-22,8729
Galway,2020-04-22,331
Kerry,2020-04-22,271
Kildare,2020-04-22,954
Kilkenny,2020-04-22,227
Laois,2020-04-22,202
Leitrim,2020-04-22,62
Limerick,2020-04-22,439
Longford,2020-04-22,102
Louth,2020-04-22,536
Mayo,2020-04-22,391
Meath,2020-04-22,568
Monaghan,2020-04-22,318
Offaly,2020-04-22,217
Roscommon,2020-04-22,111
Sligo,2020-04-22,105
Tipperary,2020-04-22,343
Waterford,2020-04-22,122
Westmeath,2020-04-22,409
Wexford,2020-04-22,143
Wicklow,2020-04-22,506
Carlow,2020-04-23,88
Cavan,2020-04-23,536
Clare,2020-04-23,207
Cork,2020-04-23,1103
Donegal,2020-04-23,437
Dublin,2020-04-23,9010
Galway,2020-04-23,332
Kerry,2020-04-23,276
Kildare,2020-04-23,1003
Kilkenny,2020-04-23,229
Laois,2020-04-23,204
Leitrim,2020-04-23,62
Limerick,2020-04-23,441
Longford,2020-04-23,113
Louth,2020-04-23,590
Mayo,2020-04-23,395
Meath,2020-04-23,578
Monaghan,2020-04-23,327
Offaly,2020-04-23,222
Roscommon,2020-04-23,114
Sligo,2020-04-23,104
Tipperary,2020-04-23,345
Waterford,2020-04-23,129
Westmeath,2020-04-23,421
Wexford,2020-04-23,151
Wicklow,2020-04-23,558
Carlow,2020-04-24,91
Cavan,2020-04-24,574
Clare,2020-04-24,209
Cork,2020-04-24,1110
Donegal,2020-04-24,446
Dublin,2020-04-24,9224
Galway,2020-04-24,332
Kerry,2020-04-24,277
Kildare,2020-04-24,1028
Kilkenny,2020-04-24,230
Laois,2020-04-24,205
Leitrim,2020-04-24,64
Limerick,2020-04-24,442
Longford,2020-04-24,124
Louth,2020-04-24,597
Mayo,2020-04-24,435
Meath,2020-04-24,613
Monaghan,2020-04-24,350
Offaly,2020-04-24,225
Roscommon,2020-04-24,116
Sligo,2020-04-24,104
Tipperary,2020-04-24,346
Waterford,2020-04-24,135
Westmeath,2020-04-24,437
Wexford,2020-04-24,156
Wicklow,2020-04-24,561
Carlow,2020-04-25,92
Cavan,2020-04-25,609
Clare,2020-04-25,212
Cork,2020-04-25,1125
Donegal,2020-04-25,452
Dublin,2020-04-25,9532
Galway,2020-04-25,335
Kerry,2020-04-25,288
Kildare,2020-04-25,1127
Kilkenny,2020-04-25,233
Laois,2020-04-25,205
Leitrim,2020-04-25,66
Limerick,2020-04-25,457
Longford,2020-04-25,129
Louth,2020-04-25,627
Mayo,2020-04-25,464
Meath,2020-04-25,626
Monaghan,2020-04-25,373
Offaly,2020-04-25,228
Roscommon,2020-04-25,135
Sligo,2020-04-25,114
Tipperary,2020-04-25,364
Waterford,2020-04-25,137
Westmeath,2020-04-25,446
Wexford,2020-04-25,162
Wicklow,2020-04-25,557
Carlow,2020-04-26,93
Cavan,2020-04-26,627
Clare,2020-04-26,229
Cork,2020-04-26,1126
Donegal,2020-04-26,453
Dublin,2020-04-26,9624
Galway,2020-04-26,332
Kerry,2020-04-26,288
Kildare,2020-04-26,1147
Kilkenny,2020-04-26,233
Laois,2020-04-26,212
Leitrim,2020-04-26,67
Limerick,2020-04-26,518
Longford,2020-04-26,135
Louth,2020-04-26,640
Mayo,2020-04-26,466
Meath,2020-04-26,638
Monaghan,2020-04-26,385
Offaly,2020-04-26,236
Roscommon,2020-04-26,141
Sligo,2020-04-26,117
Tipperary,2020-04-26,370
Waterford,2020-04-26,138
Westmeath,2020-04-26,448
Wexford,2020-04-26,162
Wicklow,2020-04-26,558
Carlow,2020-04-27,95
Cavan,2020-04-27,634
Clare,2020-04-27,232
Cork,2020-04-27,1136
Donegal,2020-04-27,454
Dublin,2020-04-27,9751
Galway,2020-04-27,351
Kerry,2020-04-27,292
Kildare,2020-04-27,1162
Kilkenny,2020-04-27,236
Laois,2020-04-27,216
Leitrim,2020-04-27,67
Limerick,2020-04-27,532
Longford,2020-04-27,145
Louth,2020-04-27,652
Mayo,2020-04-27,478
Meath,2020-04-27,661
Monaghan,2020-04-27,388
Offaly,2020-04-27,264
Roscommon,2020-04-27,148
Sligo,2020-04-27,116
Tipperary,2020-04-27,389
Waterford,2020-04-27,137
Westmeath,2020-04-27,461
Wexford,2020-04-27,162
Wicklow,2020-04-27,564
Carlow,2020-04-28,95
Cavan,2020-04-28,634
Clare,2020-04-28,232
Cork,2020-04-28,1146
Donegal,2020-04-28,456
Dublin,2020-04-28,9967
Galway,2020-04-28,355
Kerry,2020-04-28,292
Kildare,2020-04-28,1193
Kilkenny,2020-04-28,242
Laois,2020-04-28,218
Leitrim,2020-04-28,68
Limerick,2020-04-28,535
Longford,2020-04-28,146
Louth,2020-04-28,655
Mayo,2020-04-28,483
Meath,2020-04-28,671
Monaghan,2020-04-28,393
Offaly,2020-04-28,282
Roscommon,2020-04-28,150
Sligo,2020-04-28,116
Tipperary,2020-04-28,415
Waterford,2020-04-28,137
Westmeath,2020-04-28,474
Wexford,2020-04-28,167
Wicklow,2020-04-28,589
Carlow,2020-04-29,100
Cavan,2020-04-29,644
Clare,2020-04-29,236
Cork,2020-04-29,1154
Donegal,2020-04-29,458
Dublin,2020-04-29,10170
Galway,2020-04-29,355
Kerry,2020-04-29,293
Kildare,2020-04-29,1215
Kilkenny,2020-04-29,250
Laois,2020-04-29,224
Leitrim,2020-04-29,68
Limerick,2020-04-29,548
Longford,2020-04-29,149
Louth,2020-04-29,659
Mayo,2020-04-29,485
Meath,2020-04-29,681
Monaghan,2020-04-29,399
Offaly,2020-04-29,284
Roscommon,2020-04-29,151
Sligo,2020-04-29,116
Tipperary,2020-04-29,468
Waterford,2020-04-29,138
Westmeath,2020-04-29,487
Wexford,2020-04-29,179
Wicklow,2020-04-29,599
Carlow,2020-04-30,100
Cavan,2020-04-30,656
Clare,2020-04-30,237
Cork,2020-04-30,1156
Donegal,2020-04-30,459
Dublin,2020-04-30,10277
Galway,2020-04-30,357
Kerry,2020-04-30,294
Kildare,2020-04-30,1226
Kilkenny,2020-04-30,254
Laois,2020-04-30,230
Leitrim,2020-04-30,68
Limerick,2020-04-30,564
Longford,2020-04-30,150
Louth,2020-04-30,667
Mayo,2020-04-30,488
Meath,2020-04-30,687
Monaghan,2020-04-30,403
Offaly,2020-04-30,293
Roscommon,2020-04-30,160
Sligo,2020-04-30,118
Tipperary,2020-04-30,473
Waterford,2020-04-30,138
Westmeath,2020-04-30,500
Wexford,2020-04-30,183
Wicklow,2020-04-30,604
Carlow,2020-05-01,126
Cavan,2020-05-01,673
Clare,2020-05-01,240
Cork,2020-05-01,1164
Donegal,2020-05-01,461
Dublin,2020-05-01,10406
Galway,2020-05-01,365
Kerry,2020-05-01,295
Kildare,2020-05-01,1242
Kilkenny,2020-05-01,258
Laois,2020-05-01,234
Leitrim,2020-05-01,67
Limerick,2020-05-01,580
Longford,2020-05-01,153
Louth,2020-05-01,673
Mayo,2020-05-01,494
Meath,2020-05-01,699
Monaghan,2020-05-01,409
Offaly,2020-05-01,305
Roscommon,2020-05-01,174
Sligo,2020-05-01,117
Tipperary,2020-05-01,478
Waterford,2020-05-01,139
Westmeath,2020-05-01,509
Wexford,2020-05-01,185
Wicklow,2020-05-01,618
Carlow,2020-05-02,127
Cavan,2020-05-02,682
Clare,2020-05-02,245
Cork,2020-05-02,1175
Donegal,2020-05-02,465
Dublin,2020-05-02,10561
Galway,2020-05-02,365
Kerry,2020-05-02,298
Kildare,2020-05-02,1268
Kilkenny,2020-05-02,259
Laois,2020-05-02,237
Leitrim,2020-05-02,70
Limerick,2020-05-02,583
Longford,2020-05-02,213
Louth,2020-05-02,679
Mayo,2020-05-02,501
Meath,2020-05-02,713
Monaghan,2020-05-02,423
Offaly,2020-05-02,314
Roscommon,2020-05-02,174
Sligo,2020-05-02,119
Tipperary,2020-05-02,479
Waterford,2020-05-02,140
Westmeath,2020-05-02,540
Wexford,2020-05-02,185
Wicklow,2020-05-02,622
Carlow,2020-05-03,127
Cavan,2020-05-03,694
Clare,2020-05-03,249
Cork,2020-05-03,1177
Donegal,2020-05-03,466
Dublin,2020-05-03,10670
Galway,2020-05-03,369
Kerry,2020-05-03,301
Kildare,2020-05-03,1280
Kilkenny,2020-05-03,258
Laois,2020-05-03,238
Leitrim,2020-05-03,70
Limerick,2020-05-03,585
Longford,2020-05-03,235
Louth,2020-05-03,685
Mayo,2020-05-03,510
Meath,2020-05-03,717
Monaghan,2020-05-03,429
Offaly,2020-05-03,317
Roscommon,2020-05-03,181
Sligo,2020-05-03,120
Tipperary,2020-05-03,486
Waterford,2020-05-03,139
Westmeath,2020-05-03,547
Wexford,2020-05-03,184
Wicklow,2020-05-03,625
Carlow,2020-05-04,132
Cavan,2020-05-04,709
Clare,2020-05-04,254
Cork,2020-05-04,1192
Donegal,2020-05-04,467
Dublin,2020-05-04,10734
Galway,2020-05-04,375
Kerry,2020-05-04,302
Kildare,2020-05-04,1289
Kilkenny,2020-05-04,259
Laois,2020-05-04,240
Leitrim,2020-05-04,70
Limerick,2020-05-04,591
Longford,2020-05-04,257
Louth,2020-05-04,693
Mayo,2020-05-04,512
Meath,2020-05-04,722
Monaghan,2020-05-04,432
Offaly,2020-05-04,339
Roscommon,2020-05-04,212
Sligo,2020-05-04,121
Tipperary,2020-05-04,501
Waterford,2020-05-04,139
Westmeath,2020-05-04,554
Wexford,2020-05-04,184
Wicklow,2020-05-04,628
Carlow,2020-05-05,132
Cavan,2020-05-05,710
Clare,2020-05-05,281
Cork,2020-05-05,1197
Donegal,2020-05-05,469
Dublin,2020-05-05,10840
Galway,2020-05-05,380
Kerry,2020-05-05,302
Kildare,2020-05-05,1302
Kilkenny,2020-05-05,265
Laois,2020-05-05,243
Leitrim,2020-05-05,70
Limerick,2020-05-05,574
Longford,2020-05-05,259
Louth,2020-05-05,699
Mayo,2020-05-05,514
Meath,2020-05-05,723
Monaghan,2020-05-05,441
Offaly,2020-05-05,346
Roscommon,2020-05-05,221
Sligo,2020-05-05,122
Tipperary,2020-05-05,506
Waterford,2020-05-05,140
Westmeath,2020-05-05,627
Wexford,2020-05-05,190
Wicklow,2020-05-05,633
Carlow,2020-05-06,133
Cavan,2020-05-06,730
Clare,2020-05-06,299
Cork,2020-05-06,1199
Donegal,2020-05-06,469
Dublin,2020-05-06,10885
Galway,2020-05-06,381
Kerry,2020-05-06,303
Kildare,2020-05-06,1312
Kilkenny,2020-05-06,265
Laois,2020-05-06,242
Leitrim,2020-05-06,66
Limerick,2020-05-06,566
Longford,2020-05-06,260
Louth,2020-05-06,703
Mayo,2020-05-06,518
Meath,2020-05-06,727
Monaghan,2020-05-06,443
Offaly,2020-05-06,345
Roscommon,2020-05-06,228
Sligo,2020-05-06,116
Tipperary,2020-05-06,512
Waterford,2020-05-06,140
Westmeath,2020-05-06,633
Wexford,2020-05-06,190
Wicklow,2020-05-06,636
Carlow,2020-05-07,136
Cavan,2020-05-07,748
Clare,2020-05-07,303
Cork,2020-05-07,1205
Donegal,2020-05-07,469
Dublin,2020-05-07,10948
Galway,2020-05-07,382
Kerry,2020-05-07,303
Kildare,2020-05-07,1317
Kilkenny,2020-05-07,271
Laois,2020-05-07,247
Leitrim,2020-05-07,66
Limerick,2020-05-07,570
Longford,2020-05-07,264
Louth,2020-05-07,715
Mayo,2020-05-07,522
Meath,2020-05-07,754
Monaghan,2020-05-07,447
Offaly,2020-05-07,349
Roscommon,2020-05-07,234
Sligo,2020-05-07,116
Tipperary,2020-05-07,515
Waterford,2020-05-07,143
Westmeath,2020-05-07,640
Wexford,2020-05-07,194
Wicklow,2020-05-07,637
Carlow,2020-05-08,139
Cavan,2020-05-08,752
Clare,2020-05-08,303
Cork,2020-05-08,1207
Donegal,2020-05-08,469
Dublin,2020-05-08,11068
Galway,2020-05-08,388
Kerry,2020-05-08,303
Kildare,2020-05-08,1324
Kilkenny,2020-05-08,277
Laois,2020-05-08,247
Leitrim,2020-05-08,66
Limerick,2020-05-08,572
Longford,2020-05-08,264
Louth,2020-05-08,721
Mayo,2020-05-08,522
Meath,2020-05-08,758
Monaghan,2020-05-08,447
Offaly,2020-05-08,350
Roscommon,2020-05-08,235
Sligo,2020-05-08,116
Tipperary,2020-05-08,517
Waterford,2020-05-08,143
Westmeath,2020-05-08,641
Wexford,2020-05-08,199
Wicklow,2020-05-08,643
Carlow,2020-05-09,141
Cavan,2020-05-09,753
Clare,2020-05-09,305
Cork,2020-05-09,1232
Donegal,2020-05-09,472
Dublin,2020-05-09,11175
Galway,2020-05-09,392
Kerry,2020-05-09,303
Kildare,2020-05-09,1331
Kilkenny,2020-05-09,280
Laois,2020-05-09,248
Leitrim,2020-05-09,74
Limerick,2020-05-09,582
Longford,2020-05-09,267
Louth,2020-05-09,730
Mayo,2020-05-09,522
Meath,2020-05-09,760
Monaghan,2020-05-09,449
Offaly,2020-05-09,351
Roscommon,2020-05-09,247
Sligo,2020-05-09,123
Tipperary,2020-05-09,523
Waterford,2020-05-09,143
Westmeath,2020-05-09,643
Wexford,2020-05-09,202
Wicklow,2020-05-09,646
Carlow,2020-05-10,141
Cavan,2020-05-10,757
Clare,2020-05-10,306
Cork,2020-05-10,1234
Donegal,2020-05-10,474
Dublin,2020-05-10,11235
Galway,2020-05-10,400
Kerry,2020-05-10,305
Kildare,2020-05-10,1337
Kilkenny,2020-05-10,284
Laois,2020-05-10,249
Leitrim,2020-05-10,74
Limerick,2020-05-10,588
Longford,2020-05-10,269
Louth,2020-05-10,733
Mayo,2020-05-10,537
Meath,2020-05-10,769
Monaghan,2020-05-10,454
Offaly,2020-05-10,358
Roscommon,2020-05-10,297
Sligo,2020-05-10,127
Tipperary,2020-05-10,524
Waterford,2020-05-10,143
Westmeath,2020-05-10,643
Wexford,2020-05-10,202
Wicklow,2020-05-10,649
Carlow,2020-05-11,143
Cavan,2020-05-11,765
Clare,2020-05-11,308
Cork,2020-05-11,1238
Donegal,2020-05-11,472
Dublin,2020-05-11,11242
Galway,2020-05-11,402
Kerry,2020-05-11,305
Kildare,2020-05-11,1344
Kilkenny,2020-05-11,291
Laois,2020-05-11,249
Leitrim,2020-05-11,75
Limerick,2020-05-11,588
Longford,2020-05-11,270
Louth,2020-05-11,735
Mayo,2020-05-11,538
Meath,2020-05-11,769
Monaghan,2020-05-11,458
Offaly,2020-05-11,360
Roscommon,2020-05-11,298
Sligo,2020-05-11,128
Tipperary,2020-05-11,524
Waterford,2020-05-11,144
Westmeath,2020-05-11,645
Wexford,2020-05-11,206
Wicklow,2020-05-11,647
Carlow,2020-05-12,143
Cavan,2020-05-12,767
Clare,2020-05-12,308
Cork,2020-05-12,1249
Donegal,2020-05-12,473
Dublin,2020-05-12,11308
Galway,2020-05-12,405
Kerry,2020-05-12,305
Kildare,2020-05-12,1348
Kilkenny,2020-05-12,292
Laois,2020-05-12,249
Leitrim,2020-05-12,77
Limerick,2020-05-12,591
Longford,2020-05-12,272
Louth,2020-05-12,734
Mayo,2020-05-12,541
Meath,2020-05-12,770
Monaghan,2020-05-12,464
Offaly,2020-05-12,362
Roscommon,2020-05-12,298
Sligo,2020-05-12,128
Tipperary,2020-05-12,524
Waterford,2020-05-12,144
Westmeath,2020-05-12,648
Wexford,2020-05-12,208
Wicklow,2020-05-12,651
Carlow,2020-05-13,144
Cavan,2020-05-13,774
Clare,2020-05-13,312
Cork,2020-05-13,1256
Donegal,2020-05-13,473
Dublin,2020-05-13,11557
Galway,2020-05-13,408
Kerry,2020-05-13,306
Kildare,2020-05-13,1352
Kilkenny,2020-05-13,293
Laois,2020-05-13,251
Leitrim,2020-05-13,77
Limerick,2020-05-13,595
Longford,2020-05-13,273
Louth,2020-05-13,740
Mayo,2020-05-13,542
Meath,2020-05-13,773
Monaghan,2020-05-13,467
Offaly,2020-05-13,435
Roscommon,2020-05-13,299
Sligo,2020-05-13,128
Tipperary,2020-05-13,516
Waterford,2020-05-13,144
Westmeath,2020-05-13,652
Wexford,2020-05-13,208
Wicklow,2020-05-13,652
Carlow,2020-05-14,144
Cavan,2020-05-14,776
Clare,2020-05-14,314
Cork,2020-05-14,1346
Donegal,2020-05-14,474
Dublin,2020-05-14,11557
Galway,2020-05-14,412
Kerry,2020-05-14,307
Kildare,2020-05-14,1357
Kilkenny,2020-05-14,295
Laois,2020-05-14,251
Leitrim,2020-05-14,79
Limerick,2020-05-14,596
Longford,2020-05-14,273
Louth,2020-05-14,741
Mayo,2020-05-14,542
Meath,2020-05-14,776
Monaghan,2020-05-14,468
Offaly,2020-05-14,455
Roscommon,2020-05-14,300
Sligo,2020-05-14,129
Tipperary,2020-05-14,521
Waterford,2020-05-14,144
Westmeath,2020-05-14,654
Wexford,2020-05-14,211
Wicklow,2020-05-14,657
Carlow,2020-05-15,146
Cavan,2020-05-15,781
Clare,2020-05-15,314
Cork,2020-05-15,1352
Donegal,2020-05-15,475
Dublin,2020-05-15,11666
Galway,2020-05-15,418
Kerry,2020-05-15,307
Kildare,2020-05-15,1361
Kilkenny,2020-05-15,298
Laois,2020-05-15,253
Leitrim,2020-05-15,79
Limerick,2020-05-15,601
Longford,2020-05-15,277
Louth,2020-05-15,739
Mayo,2020-05-15,547
Meath,2020-05-15,778
Monaghan,2020-05-15,480
Offaly,2020-05-15,459
Roscommon,2020-05-15,301
Sligo,2020-05-15,129
Tipperary,2020-05-15,523
Waterford,2020-05-15,146
Westmeath,2020-05-15,655
Wexford,2020-05-15,212
Wicklow,2020-05-15,656
Carlow,2020-05-16,147
Cavan,2020-05-16,788
Clare,2020-05-16,315
Cork,2020-05-16,1361
Donegal,2020-05-16,475
Dublin,2020-05-16,11693
Galway,2020-05-16,432
Kerry,2020-05-16,307
Kildare,2020-05-16,1367
Kilkenny,2020-05-16,300
Laois,2020-05-16,253
Leitrim,2020-05-16,79
Limerick,2020-05-16,602
Longford,2020-05-16,279
Louth,2020-05-16,740
Mayo,2020-05-16,552
Meath,2020-05-16,780
Monaghan,2020-05-16,480
Offaly,2020-05-16,459
Roscommon,2020-05-16,304
Sligo,2020-05-16,129
Tipperary,2020-05-16,524
Waterford,2020-05-16,147
Westmeath,2020-05-16,654
Wexford,2020-05-16,212
Wicklow,2020-05-16,657
Carlow,2020-05-17,148
Cavan,2020-05-17,800
Clare,2020-05-17,315
Cork,2020-05-17,1372
Donegal,2020-05-17,477
Dublin,2020-05-17,11759
Galway,2020-05-17,438
Kerry,2020-05-17,308
Kildare,2020-05-17,1379
Kilkenny,2020-05-17,302
Laois,2020-05-17,254
Leitrim,2020-05-17,80
Limerick,2020-05-17,603
Longford,2020-05-17,279
Louth,2020-05-17,743
Mayo,2020-05-17,556
Meath,2020-05-17,782
Monaghan,2020-05-17,485
Offaly,2020-05-17,461
Roscommon,2020-05-17,307
Sligo,2020-05-17,129
Tipperary,2020-05-17,525
Waterford,2020-05-17,147
Westmeath,2020-05-17,656
Wexford,2020-05-17,212
Wicklow,2020-05-17,659
Carlow,2020-05-18,149
Cavan,2020-05-18,802
Clare,2020-05-18,315
Cork,2020-05-18,1376
Donegal,2020-05-18,477
Dublin,2020-05-18,11733
Galway,2020-05-18,445
Kerry,2020-05-18,308
Kildare,2020-05-18,1379
Kilkenny,2020-05-18,307
Laois,2020-05-18,254
Leitrim,2020-05-18,82
Limerick,2020-05-18,610
Longford,2020-05-18,279
Louth,2020-05-18,745
Mayo,2020-05-18,558
Meath,2020-05-18,787
Monaghan,2020-05-18,485
Offaly,2020-05-18,468
Roscommon,2020-05-18,308
Sligo,2020-05-18,129
Tipperary,2020-05-18,528
Waterford,2020-05-18,148
Westmeath,2020-05-18,658
Wexford,2020-05-18,217
Wicklow,2020-05-18,657
Carlow,2020-05-19,150
Cavan,2020-05-19,804
Clare,2020-05-19,315
Cork,2020-05-19,1386
Donegal,2020-05-19,479
Dublin,2020-05-19,11765
Galway,2020-05-19,445
Kerry,2020-05-19,308
Kildare,2020-05-19,1381
Kilkenny,2020-05-19,307
Laois,2020-05-19,256
Leitrim,2020-05-19,82
Limerick,2020-05-19,612
Longford,2020-05-19,280
Louth,2020-05-19,748
Mayo,2020-05-19,560
Meath,2020-05-19,788
Monaghan,2020-05-19,488
Offaly,2020-05-19,472
Roscommon,2020-05-19,310
Sligo,2020-05-19,129
Tipperary,2020-05-19,529
Waterford,2020-05-19,148
Westmeath,2020-05-19,658
Wexford,2020-05-19,217
Wicklow,2020-05-19,657
Carlow,2020-05-20,151
Cavan,2020-05-20,804
Clare,2020-05-20,319
Cork,2020-05-20,1398
Donegal,2020-05-20,478
Dublin,2020-05-20,11794
Galway,2020-05-20,451
Kerry,2020-05-20,308
Kildare,2020-05-20,1383
Kilkenny,2020-05-20,316
Laois,2020-05-20,256
Leitrim,2020-05-20,82
Limerick,2020-05-20,615
Longford,2020-05-20,280
Louth,2020-05-20,751
Mayo,2020-05-20,560
Meath,2020-05-20,790
Monaghan,2020-05-20,489
Offaly,2020-05-20,473
Roscommon,2020-05-20,312
Sligo,2020-05-20,129
Tipperary,2020-05-20,529
Waterford,2020-05-20,148
Westmeath,2020-05-20,661
Wexford,2020-05-20,217
Wicklow,2020-05-20,657
Carlow,2020-05-21,151
Cavan,2020-05-21,815
Clare,2020-05-21,319
Cork,2020-05-21,1420
Donegal,2020-05-21,478
Dublin,2020-05-21,11830
Galway,2020-05-21,455
Kerry,2020-05-21,308
Kildare,2020-05-21,1387
Kilkenny,2020-05-21,319
Laois,2020-05-21,256
Leitrim,2020-05-21,82
Limerick,2020-05-21,615
Longford,2020-05-21,280
Louth,2020-05-21,756
Mayo,2020-05-21,564
Meath,2020-05-21,795
Monaghan,2020-05-21,489
Offaly,2020-05-21,475
Roscommon,2020-05-21,314
Sligo,2020-05-21,129
Tipperary,2020-05-21,528
Waterford,2020-05-21,149
Westmeath,2020-05-21,661
Wexford,2020-05-21,217
Wicklow,2020-05-21,659
Carlow,2020-05-22,152
Cavan,2020-05-22,824
Clare,2020-05-22,321
Cork,2020-05-22,1428
Donegal,2020-05-22,478
Dublin,2020-05-22,11873
Galway,2020-05-22,458
Kerry,2020-05-22,308
Kildare,2020-05-22,1392
Kilkenny,2020-05-22,334
Laois,2020-05-22,256
Leitrim,2020-05-22,82
Limerick,2020-05-22,616
Longford,2020-05-22,280
Louth,2020-05-22,756
Mayo,2020-05-22,568
Meath,2020-05-22,797
Monaghan,2020-05-22,501
Offaly,2020-05-22,478
Roscommon,2020-05-22,318
Sligo,2020-05-22,129
Tipperary,2020-05-22,528
Waterford,2020-05-22,151
Westmeath,2020-05-22,663
Wexford,2020-05-22,217
Wicklow,2020-05-22,661
Carlow,2020-05-23,152
Cavan,2020-05-23,825
Clare,2020-05-23,322
Cork,2020-05-23,1438
Donegal,2020-05-23,478
Dublin,2020-05-23,11876
Galway,2020-05-23,461
Kerry,2020-05-23,308
Kildare,2020-05-23,1390
Kilkenny,2020-05-23,334
Laois,2020-05-23,256
Leitrim,2020-05-23,82
Limerick,2020-05-23,619
Longford,2020-05-23,281
Louth,2020-05-23,759
Mayo,2020-05-23,568
Meath,2020-05-23,797
Monaghan,2020-05-23,501
Offaly,2020-05-23,478
Roscommon,2020-05-23,319
Sligo,2020-05-23,129
Tipperary,2020-05-23,528
Waterford,2020-05-23,151
Westmeath,2020-05-23,663
Wexford,2020-05-23,217
Wicklow,2020-05-23,661
Carlow,2020-05-24,152
Cavan,2020-05-24,827
Clare,2020-05-24,322
Cork,2020-05-24,1440
Donegal,2020-05-24,478
Dublin,2020-05-24,11894
Galway,2020-05-24,461
Kerry,2020-05-24,308
Kildare,2020-05-24,1395
Kilkenny,2020-05-24,334
Laois,2020-05-24,257
Leitrim,2020-05-24,82
Limerick,2020-05-24,622
Longford,2020-05-24,281
Louth,2020-05-24,759
Mayo,2020-05-24,568
Meath,2020-05-24,797
Monaghan,2020-05-24,503
Offaly,2020-05-24,479
Roscommon,2020-05-24,319
Sligo,2020-05-24,129
Tipperary,2020-05-24,528
Waterford,2020-05-24,151
Westmeath,2020-05-24,663
Wexford,2020-05-24,217
Wicklow,2020-05-24,663
Carlow,2020-05-25,152
Cavan,2020-05-25,829
Clare,2020-05-25,322
Cork,2020-05-25,1451
Donegal,2020-05-25,478
Dublin,2020-05-25,11961
Galway,2020-05-25,464
Kerry,2020-05-25,308
Kildare,2020-05-25,1408
Kilkenny,2020-05-25,336
Laois,2020-05-25,258
Leitrim,2020-05-25,82
Limerick,2020-05-25,624
Longford,2020-05-25,281
Louth,2020-05-25,759
Mayo,2020-05-25,568
Meath,2020-05-25,797
Monaghan,2020-05-25,503
Offaly,2020-05-25,479
Roscommon,2020-05-25,319
Sligo,2020-05-25,129
Tipperary,2020-05-25,528
Waterford,2020-05-25,151
Westmeath,2020-05-25,664
Wexford,2020-05-25,216
Wicklow,2020-05-25,663
Carlow,2020-05-26,154
Cavan,2020-05-26,833
Clare,2020-05-26,322
Cork,2020-05-26,1458
Donegal,2020-05-26,477
Dublin,2020-05-26,11996
Galway,2020-05-26,473
Kerry,2020-05-26,308
Kildare,2020-05-26,1414
Kilkenny,2020-05-26,337
Laois,2020-05-26,258
Leitrim,2020-05-26,83
Limerick,2020-05-26,626
Longford,2020-05-26,281
Louth,2020-05-26,759
Mayo,2020-05-26,569
Meath,2020-05-26,793
Monaghan,2020-05-26,504
Offaly,2020-05-26,478
Roscommon,2020-05-26,320
Sligo,2020-05-26,129
Tipperary,2020-05-26,528
Waterford,2020-05-26,151
Westmeath,2020-05-26,665
Wexford,2020-05-26,216
Wicklow,2020-05-26,663
Carlow,2020-05-27,155
Cavan,2020-05-27,833
Clare,2020-05-27,322
Cork,2020-05-27,1464
Donegal,2020-05-27,477
Dublin,2020-05-27,12023
Galway,2020-05-27,476
Kerry,2020-05-27,308
Kildare,2020-05-27,1416
Kilkenny,2020-05-27,337
Laois,2020-05-27,258
Leitrim,2020-05-27,83
Limerick,2020-05-27,627
Longford,2020-05-27,280
Louth,2020-05-27,759
Mayo,2020-05-27,569
Meath,2020-05-27,793
Monaghan,2020-05-27,504
Offaly,2020-05-27,478
Roscommon,2020-05-27,320
Sligo,2020-05-27,129
Tipperary,2020-05-27,528
Waterford,2020-05-27,152
Westmeath,2020-05-27,667
Wexford,2020-05-27,216
Wicklow,2020-05-27,663
Carlow,2020-05-28,158
Cavan,2020-05-28,833
Clare,2020-05-28,323
Cork,2020-05-28,1472
Donegal,2020-05-28,477
Dublin,2020-05-28,12031
Galway,2020-05-28,476
Kerry,2020-05-28,308
Kildare,2020-05-28,1416
Kilkenny,2020-05-28,337
Laois,2020-05-28,258
Leitrim,2020-05-28,83
Limerick,2020-05-28,628
Longford,2020-05-28,281
Louth,2020-05-28,763
Mayo,2020-05-28,571
Meath,2020-05-28,795
Monaghan,2020-05-28,507
Offaly,2020-05-28,478
Roscommon,2020-05-28,321
Sligo,2020-05-28,129
Tipperary,2020-05-28,527
Waterford,2020-05-28,152
Westmeath,2020-05-28,667
Wexford,2020-05-28,216
Wicklow,2020-05-28,663
Carlow,2020-05-29,166
Cavan,2020-05-29,834
Clare,2020-05-29,323
Cork,2020-05-29,1477
Donegal,2020-05-29,477
Dublin,2020-05-29,12042
Galway,2020-05-29,478
Kerry,2020-05-29,308
Kildare,2020-05-29,1416
Kilkenny,2020-05-29,338
Laois,2020-05-29,259
Leitrim,2020-05-29,83
Limerick,2020-05-29,629
Longford,2020-05-29,283
Louth,2020-05-29,766
Mayo,2020-05-29,571
Meath,2020-05-29,797
Monaghan,2020-05-29,509
Offaly,2020-05-29,478
Roscommon,2020-05-29,333
Sligo,2020-05-29,129
Tipperary,2020-05-29,529
Waterford,2020-05-29,152
Westmeath,2020-05-29,668
Wexford,2020-05-29,216
Wicklow,2020-05-29,663
Carlow,2020-05-30,166
Cavan,2020-05-30,839
Clare,2020-05-30,360
Cork,2020-05-30,1514
Donegal,2020-05-30,477
Dublin,2020-05-30,12052
Galway,2020-05-30,480
Kerry,2020-05-30,308
Kildare,2020-05-30,1417
Kilkenny,2020-05-30,338
Laois,2020-05-30,259
Leitrim,2020-05-30,83
Limerick,2020-05-30,594
Longford,2020-05-30,283
Louth,2020-05-30,768
Mayo,2020-05-30,571
Meath,2020-05-30,796
Monaghan,2020-05-30,509
Offaly,2020-05-30,478
Roscommon,2020-05-30,333
Sligo,2020-05-30,129
Tipperary,2020-05-30,530
Waterford,2020-05-30,153
Westmeath,2020-05-30,669
Wexford,2020-05-30,216
Wicklow,2020-05-30,663
Carlow,2020-05-31,166
Cavan,2020-05-31,844
Clare,2020-05-31,368
Cork,2020-05-31,1517
Donegal,2020-05-31,477
Dublin,2020-05-31,12090
Galway,2020-05-31,482
Kerry,2020-05-31,308
Kildare,2020-05-31,1419
Kilkenny,2020-05-31,338
Laois,2020-05-31,259
Leitrim,2020-05-31,83
Limerick,2020-05-31,581
Longford,2020-05-31,283
Louth,2020-05-31,776
Mayo,2020-05-31,570
Meath,2020-05-31,800
Monaghan,2020-05-31,512
Offaly,2020-05-31,478
Roscommon,2020-05-31,335
Sligo,2020-05-31,129
Tipperary,2020-05-31,538
Waterford,2020-05-31,153
Westmeath,2020-05-31,670
Wexford,2020-05-31,213
Wicklow,2020-05-31,667
Carlow,2020-06-01,166
Cavan,2020-06-01,844
Clare,2020-06-01,369
Cork,2020-06-01,1517
Donegal,2020-06-01,477
Dublin,2020-06-01,12093
Galway,2020-06-01,482
Kerry,2020-06-01,308
Kildare,2020-06-01,1419
Kilkenny,2020-06-01,339
Laois,2020-06-01,260
Leitrim,2020-06-01,83
Limerick,2020-06-01,582
Longford,2020-06-01,283
Louth,2020-06-01,775
Mayo,2020-06-01,570
Meath,2020-06-01,801
Monaghan,2020-06-01,512
Offaly,2020-06-01,478
Roscommon,2020-06-01,336
Sligo,2020-06-01,129
Tipperary,2020-06-01,539
Waterford,2020-06-01,152
Westmeath,2020-06-01,670
Wexford,2020-06-01,213
Wicklow,2020-06-01,667
Carlow,2020-06-02,169
Cavan,2020-06-02,846
Clare,2020-06-02,369
Cork,2020-06-02,1521
Donegal,2020-06-02,477
Dublin,2020-06-02,12109
Galway,2020-06-02,481
Kerry,2020-06-02,308
Kildare,2020-06-02,1419
Kilkenny,2020-06-02,339
Laois,2020-06-02,260
Leitrim,2020-06-02,83
Limerick,2020-06-02,582
Longford,2020-06-02,284
Louth,2020-06-02,776
Mayo,2020-06-02,570
Meath,2020-06-02,802
Monaghan,2020-06-02,521
Offaly,2020-06-02,479
Roscommon,2020-06-02,337
Sligo,2020-06-02,129
Tipperary,2020-06-02,540
Waterford,2020-06-02,152
Westmeath,2020-06-02,670
Wexford,2020-06-02,213
Wicklow,2020-06-02,668
Carlow,2020-06-03,169
Cavan,2020-06-03,854
Clare,2020-06-03,369
Cork,2020-06-03,1527
Donegal,2020-06-03,472
Dublin,2020-06-03,12118
Galway,2020-06-03,481
Kerry,2020-06-03,308
Kildare,2020-06-03,1419
Kilkenny,2020-06-03,340
Laois,2020-06-03,260
Leitrim,2020-06-03,83
Limerick,2020-06-03,582
Longford,2020-06-03,284
Louth,2020-06-03,777
Mayo,2020-06-03,570
Meath,2020-06-03,804
Monaghan,2020-06-03,527
Offaly,2020-06-03,479
Roscommon,2020-06-03,337
Sligo,2020-06-03,129
Tipperary,2020-06-03,540
Waterford,2020-06-03,154
Westmeath,2020-06-03,671
Wexford,2020-06-03,213
Wicklow,2020-06-03,668
Carlow,2020-06-04,168
Cavan,2020-06-04,858
Clare,2020-06-04,368
Cork,2020-06-04,1528
Donegal,2020-06-04,472
Dublin,2020-06-04,12127
Galway,2020-06-04,481
Kerry,2020-06-04,308
Kildare,2020-06-04,1423
Kilkenny,2020-06-04,344
Laois,2020-06-04,261
Leitrim,2020-06-04,84
Limerick,2020-06-04,582
Longford,2020-06-04,284
Louth,2020-06-04,777
Mayo,2020-06-04,570
Meath,2020-06-04,805
Monaghan,2020-06-04,528
Offaly,2020-06-04,479
Roscommon,2020-06-04,337
Sligo,2020-06-04,128
Tipperary,2020-06-04,540
Waterford,2020-06-04,154
Westmeath,2020-06-04,671
Wexford,2020-06-04,214
Wicklow,2020-06-04,668
Carlow,2020-06-05,168
Cavan,2020-06-05,858
Clare,2020-06-05,368
Cork,2020-06-05,1529
Donegal,2020-06-05,471
Dublin,2020-06-05,12139
Galway,2020-06-05,481
Kerry,2020-06-05,308
Kildare,2020-06-05,1423
Kilkenny,2020-06-05,344
Laois,2020-06-05,262
Leitrim,2020-06-05,84
Limerick,2020-06-05,582
Longford,2020-06-05,285
Louth,2020-06-05,777
Mayo,2020-06-05,570
Meath,2020-06-05,806
Monaghan,2020-06-05,528
Offaly,2020-06-05,479
Roscommon,2020-06-05,337
Sligo,2020-06-05,128
Tipperary,2020-06-05,540
Waterford,2020-06-05,154
Westmeath,2020-06-05,671
Wexford,2020-06-05,214
Wicklow,2020-06-05,670
Carlow,2020-06-06,168
Cavan,2020-06-06,858
Clare,2020-06-06,368
Cork,2020-06-06,1529
Donegal,2020-06-06,471
Dublin,2020-06-06,12158
Galway,2020-06-06,481
Kerry,2020-06-06,308
Kildare,2020-06-06,1423
Kilkenny,2020-06-06,345
Laois,2020-06-06,262
Leitrim,2020-06-06,84
Limerick,2020-06-06,583
Longford,2020-06-06,285
Louth,2020-06-06,776
Mayo,2020-06-06,570
Meath,2020-06-06,804
Monaghan,2020-06-06,530
Offaly,2020-06-06,479
Roscommon,2020-06-06,337
Sligo,2020-06-06,128
Tipperary,2020-06-06,540
Waterford,2020-06-06,154
Westmeath,2020-06-06,671
Wexford,2020-06-06,216
Wicklow,2020-06-06,670
Carlow,2020-06-07,167
Cavan,2020-06-07,858
Clare,2020-06-07,368
Cork,2020-06-07,1529
Donegal,2020-06-07,471
Dublin,2020-06-07,12159
Galway,2020-06-07,483
Kerry,2020-06-07,308
Kildare,2020-06-07,1424
Kilkenny,2020-06-07,345
Laois,2020-06-07,262
Leitrim,2020-06-07,84
Limerick,2020-06-07,583
Longford,2020-06-07,285
Louth,2020-06-07,778
Mayo,2020-06-07,570
Meath,2020-06-07,804
Monaghan,2020-06-07,531
Offaly,2020-06-07,480
Roscommon,2020-06-07,338
Sligo,2020-06-07,128
Tipperary,2020-06-07,540
Waterford,2020-06-07,154
Westmeath,2020-06-07,671
Wexford,2020-06-07,216
Wicklow,2020-06-07,670
Carlow,2020-06-08,168
Cavan,2020-06-08,858
Clare,2020-06-08,368
Cork,2020-06-08,1531
Donegal,2020-06-08,470
Dublin,2020-06-08,12163
Galway,2020-06-08,483
Kerry,2020-06-08,308
Kildare,2020-06-08,1424
Kilkenny,2020-06-08,345
Laois,2020-06-08,262
Leitrim,2020-06-08,84
Limerick,2020-06-08,583
Longford,2020-06-08,285
Louth,2020-06-08,778
Mayo,2020-06-08,570
Meath,2020-06-08,804
Monaghan,2020-06-08,531
Offaly,2020-06-08,480
Roscommon,2020-06-08,338
Sligo,2020-06-08,128
Tipperary,2020-06-08,540
Waterford,2020-06-08,154
Westmeath,2020-06-08,671
Wexford,2020-06-08,216
Wicklow,2020-06-08,670
Carlow,2020-06-09,168
Cavan,2020-06-09,858
Clare,2020-06-09,369
Cork,2020-06-09,1532
Donegal,2020-06-09,470
Dublin,2020-06-09,12167
Galway,2020-06-09,485
Kerry,2020-06-09,308
Kildare,2020-06-09,1426
Kilkenny,2020-06-09,346
Laois,2020-06-09,262
Leitrim,2020-06-09,84
Limerick,2020-06-09,583
Longford,2020-06-09,285
Louth,2020-06-09,778
Mayo,2020-06-09,570
Meath,2020-06-09,804
Monaghan,2020-06-09,534
Offaly,2020-06-09,481
Roscommon,2020-06-09,340
Sligo,2020-06-09,128
Tipperary,2020-06-09,541
Waterford,2020-06-09,154
Westmeath,2020-06-09,671
Wexford,2020-06-09,216
Wicklow,2020-06-09,670
Carlow,2020-06-10,168
Cavan,2020-06-10,859
Clare,2020-06-10,369
Cork,2020-06-10,1533
Donegal,2020-06-10,469
Dublin,2020-06-10,12172
Galway,2020-06-10,485
Kerry,2020-06-10,308
Kildare,2020-06-10,1426
Kilkenny,2020-06-10,346
Laois,2020-06-10,262
Leitrim,2020-06-10,84
Limerick,2020-06-10,583
Longford,2020-06-10,285
Louth,2020-06-10,778
Mayo,2020-06-10,570
Meath,2020-06-10,805
Monaghan,2020-06-10,534
Offaly,2020-06-10,481
Roscommon,2020-06-10,341
Sligo,2020-06-10,128
Tipperary,2020-06-10,541
Waterford,2020-06-10,154
Westmeath,2020-06-10,670
Wexford,2020-06-10,216
Wicklow,2020-06-10,670
Carlow,2020-06-11,168
Cavan,2020-06-11,860
Clare,2020-06-11,369
Cork,2020-06-11,1533
Donegal,2020-06-11,470
Dublin,2020-06-11,12179
Galway,2020-06-11,485
Kerry,2020-06-11,308
Kildare,2020-06-11,1426
Kilkenny,2020-06-11,346
Laois,2020-06-11,264
Leitrim,2020-06-11,84
Limerick,2020-06-11,584
Longford,2020-06-11,285
Louth,2020-06-11,778
Mayo,2020-06-11,570
Meath,2020-06-11,805
Monaghan,2020-06-11,534
Offaly,2020-06-11,481
Roscommon,2020-06-11,341
Sligo,2020-06-11,128
Tipperary,2020-06-11,541
Waterford,2020-06-11,154
Westmeath,2020-06-11,670
Wexford,2020-06-11,216
Wicklow,2020-06-11,670
Carlow,2020-06-12,171
Cavan,2020-06-12,860
Clare,2020-06-12,369
Cork,2020-06-12,1533
Donegal,2020-06-12,470
Dublin,2020-06-12,12210
Galway,2020-06-12,486
Kerry,2020-06-12,308
Kildare,2020-06-12,1432
Kilkenny,2020-06-12,348
Laois,2020-06-12,264
Leitrim,2020-06-12,84
Limerick,2020-06-12,584
Longford,2020-06-12,285
Louth,2020-06-12,778
Mayo,2020-06-12,571
Meath,2020-06-12,805
Monaghan,2020-06-12,535
Offaly,2020-06-12,481
Roscommon,2020-06-12,342
Sligo,2020-06-12,128
Tipperary,2020-06-12,541
Waterford,2020-06-12,154
Westmeath,2020-06-12,670
Wexford,2020-06-12,216
Wicklow,2020-06-12,670
Carlow,2020-06-13,171
Cavan,2020-06-13,860
Clare,2020-06-13,369
Cork,2020-06-13,1533
Donegal,2020-06-13,470
Dublin,2020-06-13,12213
Galway,2020-06-13,486
Kerry,2020-06-13,308
Kildare,2020-06-13,1434
Kilkenny,2020-06-13,348
Laois,2020-06-13,264
Leitrim,2020-06-13,84
Limerick,2020-06-13,584
Longford,2020-06-13,285
Louth,2020-06-13,778
Mayo,2020-06-13,572
Meath,2020-06-13,805
Monaghan,2020-06-13,535
Offaly,2020-06-13,481
Roscommon,2020-06-13,342
Sligo,2020-06-13,128
Tipperary,2020-06-13,541
Waterford,2020-06-13,154
Westmeath,2020-06-13,670
Wexford,2020-06-13,216
Wicklow,2020-06-13,672
Carlow,2020-06-14,171
Cavan,2020-06-14,859
Clare,2020-06-14,369
Cork,2020-06-14,1533
Donegal,2020-06-14,470
Dublin,2020-06-14,12228
Galway,2020-06-14,486
Kerry,2020-06-14,308
Kildare,2020-06-14,1434
Kilkenny,2020-06-14,348
Laois,2020-06-14,264
Leitrim,2020-06-14,84
Limerick,2020-06-14,585
Longford,2020-06-14,285
Louth,2020-06-14,778
Mayo,2020-06-14,572
Meath,2020-06-14,805
Monaghan,2020-06-14,536
Offaly,2020-06-14,481
Roscommon,2020-06-14,342
Sligo,2020-06-14,129
Tipperary,2020-06-14,541
Waterford,2020-06-14,154
Westmeath,2020-06-14,670
Wexford,2020-06-14,216
Wicklow,2020-06-14,672
Carlow,2020-06-15,171
Cavan,2020-06-15,859
Clare,2020-06-15,369
Cork,2020-06-15,1535
Donegal,2020-06-15,470
Dublin,2020-06-15,12235
Galway,2020-06-15,486
Kerry,2020-06-15,308
Kildare,2020-06-15,1435
Kilkenny,2020-06-15,350
Laois,2020-06-15,264
Leitrim,2020-06-15,84
Limerick,2020-06-15,584
Longford,2020-06-15,285
Louth,2020-06-15,778
Mayo,2020-06-15,572
Meath,2020-06-15,806
Monaghan,2020-06-15,536
Offaly,2020-06-15,481
Roscommon,2020-06-15,343
Sligo,2020-06-15,129
Tipperary,2020-06-15,541
Waterford,2020-06-15,154
Westmeath,2020-06-15,670
Wexford,2020-06-15,216
Wicklow,2020-06-15,672
Carlow,2020-06-16,171
Cavan,2020-06-16,860
Clare,2020-06-16,369
Cork,2020-06-16,1535
Donegal,2020-06-16,470
Dublin,2020-06-16,12239
Galway,2020-06-16,485
Kerry,2020-06-16,308
Kildare,2020-06-16,1436
Kilkenny,2020-06-16,350
Laois,2020-06-16,264
Leitrim,2020-06-16,84
Limerick,2020-06-16,583
Longford,2020-06-16,285
Louth,2020-06-16,778
Mayo,2020-06-16,571
Meath,2020-06-16,806
Monaghan,2020-06-16,536
Offaly,2020-06-16,482
Roscommon,2020-06-16,344
Sligo,2020-06-16,129
Tipperary,2020-06-16,541
Waterford,2020-06-16,155
Westmeath,2020-06-16,670
Wexford,2020-06-16,216
Wicklow,2020-06-16,672
Carlow,2020-06-17,173
Cavan,2020-06-17,860
Clare,2020-06-17,369
Cork,2020-06-17,1535
Donegal,2020-06-17,470
Dublin,2020-06-17,12248
Galway,2020-06-17,485
Kerry,2020-06-17,309
Kildare,2020-06-17,1439
Kilkenny,2020-06-17,351
Laois,2020-06-17,264
Leitrim,2020-06-17,84
Limerick,2020-06-17,583
Longford,2020-06-17,285
Louth,2020-06-17,778
Mayo,2020-06-17,571
Meath,2020-06-17,806
Monaghan,2020-06-17,536
Offaly,2020-06-17,482
Roscommon,2020-06-17,344
Sligo,2020-06-17,129
Tipperary,2020-06-17,541
Waterford,2020-06-17,155
Westmeath,2020-06-17,670
Wexford,2020-06-17,216
Wicklow,2020-06-17,672
Carlow,2020-06-18,173
Cavan,2020-06-18,860
Clare,2020-06-18,369
Cork,2020-06-18,1535
Donegal,2020-06-18,464
Dublin,2020-06-18,12257
Galway,2020-06-18,485
Kerry,2020-06-18,310
Kildare,2020-06-18,1439
Kilkenny,2020-06-18,353
Laois,2020-06-18,264
Leitrim,2020-06-18,78
Limerick,2020-06-18,583
Longford,2020-06-18,285
Louth,2020-06-18,779
Mayo,2020-06-18,571
Meath,2020-06-18,806
Monaghan,2020-06-18,536
Offaly,2020-06-18,482
Roscommon,2020-06-18,344
Sligo,2020-06-18,125
Tipperary,2020-06-18,541
Waterford,2020-06-18,155
Westmeath,2020-06-18,670
Wexford,2020-06-18,216
Wicklow,2020-06-18,672
Carlow,2020-06-19,174
Cavan,2020-06-19,862
Clare,2020-06-19,369
Cork,2020-06-19,1535
Donegal,2020-06-19,464
Dublin,2020-06-19,12263
Galway,2020-06-19,485
Kerry,2020-06-19,310
Kildare,2020-06-19,1443
Kilkenny,2020-06-19,354
Laois,2020-06-19,264
Leitrim,2020-06-19,78
Limerick,2020-06-19,583
Longford,2020-06-19,285
Louth,2020-06-19,780
Mayo,2020-06-19,572
Meath,2020-06-19,807
Monaghan,2020-06-19,536
Offaly,2020-06-19,483
Roscommon,2020-06-19,344
Sligo,2020-06-19,125
Tipperary,2020-06-19,541
Waterford,2020-06-19,155
Westmeath,2020-06-19,672
Wexford,2020-06-19,216
Wicklow,2020-06-19,673
Carlow,2020-06-20,174
Cavan,2020-06-20,862
Clare,2020-06-20,369
Cork,2020-06-20,1535
Donegal,2020-06-20,464
Dublin,2020-06-20,12267
Galway,2020-06-20,485
Kerry,2020-06-20,310
Kildare,2020-06-20,1443
Kilkenny,2020-06-20,354
Laois,2020-06-20,265
Leitrim,2020-06-20,78
Limerick,2020-06-20,583
Longford,2020-06-20,285
Louth,2020-06-20,780
Mayo,2020-06-20,572
Meath,2020-06-20,807
Monaghan,2020-06-20,536
Offaly,2020-06-20,483
Roscommon,2020-06-20,344
Sligo,2020-06-20,125
Tipperary,2020-06-20,541
Waterford,2020-06-20,155
Westmeath,2020-06-20,672
Wexford,2020-06-20,216
Wicklow,2020-06-20,674
Carlow,2020-06-21,175
Cavan,2020-06-21,861
Clare,2020-06-21,369
Cork,2020-06-21,1535
Donegal,2020-06-21,464
Dublin,2020-06-21,12238
Galway,2020-06-21,485
Kerry,2020-06-21,310
Kildare,2020-06-21,1467
Kilkenny,2020-06-21,353
Laois,2020-06-21,265
Leitrim,2020-06-21,78
Limerick,2020-06-21,583
Longford,2020-06-21,285
Louth,2020-06-21,780
Mayo,2020-06-21,572
Meath,2020-06-21,807
Monaghan,2020-06-21,536
Offaly,2020-06-21,483
Roscommon,2020-06-21,345
Sligo,2020-06-21,125
Tipperary,2020-06-21,541
Waterford,2020-06-21,155
Westmeath,2020-06-21,672
Wexford,2020-06-21,216
Wicklow,2020-06-21,681
Carlow,2020-06-22,175
Cavan,2020-06-22,861
Clare,2020-06-22,369
Cork,2020-06-22,1535
Donegal,2020-06-22,464
Dublin,2020-06-22,12218
Galway,2020-06-22,485
Kerry,2020-06-22,310
Kildare,2020-06-22,1476
Kilkenny,2020-06-22,354
Laois,2020-06-22,265
Leitrim,2020-06-22,78
Limerick,2020-06-22,583
Longford,2020-06-22,285
Louth,2020-06-22,780
Mayo,2020-06-22,572
Meath,2020-06-22,808
Monaghan,2020-06-22,536
Offaly,2020-06-22,483
Roscommon,2020-06-22,345
Sligo,2020-06-22,125
Tipperary,2020-06-22,543
Waterford,2020-06-22,156
Westmeath,2020-06-22,672
Wexford,2020-06-22,216
Wicklow,2020-06-22,697
Carlow,2020-06-23,175
Cavan,2020-06-23,862
Clare,2020-06-23,369
Cork,2020-06-23,1535
Donegal,2020-06-23,464
Dublin,2020-06-23,12218
Galway,2020-06-23,485
Kerry,2020-06-23,310
Kildare,2020-06-23,1477
Kilkenny,2020-06-23,354
Laois,2020-06-23,265
Leitrim,2020-06-23,78
Limerick,2020-06-23,583
Longford,2020-06-23,285
Louth,2020-06-23,780
Mayo,2020-06-23,571
Meath,2020-06-23,808
Monaghan,2020-06-23,537
Offaly,2020-06-23,483
Roscommon,2020-06-23,345
Sligo,2020-06-23,125
Tipperary,2020-06-23,543
Waterford,2020-06-23,156
Westmeath,2020-06-23,672
Wexford,2020-06-23,217
Wicklow,2020-06-23,697
Carlow,2020-06-24,175
Cavan,2020-06-24,862
Clare,2020-06-24,369
Cork,2020-06-24,1535
Donegal,2020-06-24,464
Dublin,2020-06-24,12226
Galway,2020-06-24,485
Kerry,2020-06-24,310
Kildare,2020-06-24,1478
Kilkenny,2020-06-24,354
Laois,2020-06-24,265
Leitrim,2020-06-24,78
Limerick,2020-06-24,583
Longford,2020-06-24,285
Louth,2020-06-24,780
Mayo,2020-06-24,571
Meath,2020-06-24,808
Monaghan,2020-06-24,537
Offaly,2020-06-24,483
Roscommon,2020-06-24,345
Sligo,2020-06-24,125
Tipperary,2020-06-24,543
Waterford,2020-06-24,156
Westmeath,2020-06-24,672
Wexford,2020-06-24,217
Wicklow,2020-06-24,697
Carlow,2020-06-25,175
Cavan,2020-06-25,862
Clare,2020-06-25,369
Cork,2020-06-25,1535
Donegal,2020-06-25,464
Dublin,2020-06-25,12226
Galway,2020-06-25,485
Kerry,2020-06-25,310
Kildare,2020-06-25,1478
Kilkenny,2020-06-25,354
Laois,2020-06-25,265
Leitrim,2020-06-25,78
Limerick,2020-06-25,583
Longford,2020-06-25,285
Louth,2020-06-25,780
Mayo,2020-06-25,571
Meath,2020-06-25,808
Monaghan,2020-06-25,537
Offaly,2020-06-25,483
Roscommon,2020-06-25,345
Sligo,2020-06-25,125
Tipperary,2020-06-25,543
Waterford,2020-06-25,156
Westmeath,2020-06-25,672
Wexford,2020-06-25,217
Wicklow,2020-06-25,697
Carlow,2020-06-26,175
Cavan,2020-06-26,862
Clare,2020-06-26,369
Cork,2020-06-26,1535
Donegal,2020-06-26,464
Dublin,2020-06-26,12226
Galway,2020-06-26,485
Kerry,2020-06-26,310
Kildare,2020-06-26,1478
Kilkenny,2020-06-26,354
Laois,2020-06-26,265
Leitrim,2020-06-26,78
Limerick,2020-06-26,583
Longford,2020-06-26,285
Louth,2020-06-26,780
Mayo,2020-06-26,571
Meath,2020-06-26,808
Monaghan,2020-06-26,537
Offaly,2020-06-26,483
Roscommon,2020-06-26,345
Sligo,2020-06-26,125
Tipperary,2020-06-26,543
Waterford,2020-06-26,156
Westmeath,2020-06-26,672
Wexford,2020-06-26,217
Wicklow,2020-06-26,697
Carlow,2020-06-27,175
Cavan,2020-06-27,862
Clare,2020-06-27,369
Cork,2020-06-27,1536
Donegal,2020-06-27,464
Dublin,2020-06-27,12245
Galway,2020-06-27,485
Kerry,2020-06-27,310
Kildare,2020-06-27,1481
Kilkenny,2020-06-27,355
Laois,2020-06-27,265
Leitrim,2020-06-27,78
Limerick,2020-06-27,583
Longford,2020-06-27,286
Louth,2020-06-27,781
Mayo,2020-06-27,571
Meath,2020-06-27,808
Monaghan,2020-06-27,538
Offaly,2020-06-27,483
Roscommon,2020-06-27,345
Sligo,2020-06-27,128
Tipperary,2020-06-27,543
Waterford,2020-06-27,157
Westmeath,2020-06-27,672
Wexford,2020-06-27,217
Wicklow,2020-06-27,701
Carlow,2020-06-28,175
Cavan,2020-06-28,862
Clare,2020-06-28,369
Cork,2020-06-28,1536
Donegal,2020-06-28,465
Dublin,2020-06-28,12250
Galway,2020-06-28,485
Kerry,2020-06-28,310
Kildare,2020-06-28,1487
Kilkenny,2020-06-28,355
Laois,2020-06-28,265
Leitrim,2020-06-28,79
Limerick,2020-06-28,583
Longford,2020-06-28,286
Louth,2020-06-28,781
Mayo,2020-06-28,572
Meath,2020-06-28,808
Monaghan,2020-06-28,538
Offaly,2020-06-28,483
Roscommon,2020-06-28,345
Sligo,2020-06-28,138
Tipperary,2020-06-28,543
Waterford,2020-06-28,157
Westmeath,2020-06-28,672
Wexford,2020-06-28,217
Wicklow,2020-06-28,701
Carlow,2020-06-29,175
Carlow,2020-06-29,175
Cavan,2020-06-29,862
Cavan,2020-06-29,862
Clare,2020-06-29,368
Clare,2020-06-29,368
Cork,2020-06-29,1536
Cork,2020-06-29,1536
Donegal,2020-06-29,465
Donegal,2020-06-29,465
Dublin,2020-06-29,12254
Dublin,2020-06-29,12254
Galway,2020-06-29,485
Galway,2020-06-29,485
Kerry,2020-06-29,310
Kerry,2020-06-29,310
Kildare,2020-06-29,1488
Kildare,2020-06-29,1488
Kilkenny,2020-06-29,355
Kilkenny,2020-06-29,355
Laois,2020-06-29,265
Laois,2020-06-29,265
Leitrim,2020-06-29,80
Leitrim,2020-06-29,80
Limerick,2020-06-29,583
Limerick,2020-06-29,583
Longford,2020-06-29,286
Longford,2020-06-29,286
Louth,2020-06-29,781
Louth,2020-06-29,781
Mayo,2020-06-29,572
Mayo,2020-06-29,572
Meath,2020-06-29,808
Meath,2020-06-29,808
Monaghan,2020-06-29,538
Monaghan,2020-06-29,538
Offaly,2020-06-29,483
Offaly,2020-06-29,483
Roscommon,2020-06-29,345
Roscommon,2020-06-29,345
Sligo,2020-06-29,141
Sligo,2020-06-29,141
Tipperary,2020-06-29,543
Tipperary,2020-06-29,543
Waterford,2020-06-29,158
Waterford,2020-06-29,158
Westmeath,2020-06-29,672
Westmeath,2020-06-29,672
Wexford,2020-06-29,217
Wexford,2020-06-29,217
Wicklow,2020-06-29,701
Wicklow,2020-06-29,701
Carlow,2020-07-01,175
Cavan,2020-07-01,862
Clare,2020-07-01,368
Cork,2020-07-01,1540
Donegal,2020-07-01,465
Dublin,2020-07-01,12262
Galway,2020-07-01,486
Kerry,2020-07-01,310
Kildare,2020-07-01,1491
Kilkenny,2020-07-01,355
Laois,2020-07-01,265
Leitrim,2020-07-01,80
Limerick,2020-07-01,586
Longford,2020-07-01,286
Louth,2020-07-01,781
Mayo,2020-07-01,572
Meath,2020-07-01,808
Monaghan,2020-07-01,538
Offaly,2020-07-01,483
Roscommon,2020-07-01,345
Sligo,2020-07-01,141
Tipperary,2020-07-01,543
Waterford,2020-07-01,158
Westmeath,2020-07-01,673
Wexford,2020-07-01,217
Wicklow,2020-07-01,699
Carlow,2020-07-02,175
Cavan,2020-07-02,864
Clare,2020-07-02,368
Cork,2020-07-02,1540
Donegal,2020-07-02,465
Dublin,2020-07-02,12264
Galway,2020-07-02,486
Kerry,2020-07-02,310
Kildare,2020-07-02,1492
Kilkenny,2020-07-02,356
Laois,2020-07-02,265
Leitrim,2020-07-02,82
Limerick,2020-07-02,586
Longford,2020-07-02,286
Louth,2020-07-02,781
Mayo,2020-07-02,572
Meath,2020-07-02,808
Monaghan,2020-07-02,538
Offaly,2020-07-02,483
Roscommon,2020-07-02,346
Sligo,2020-07-02,141
Tipperary,2020-07-02,542
Waterford,2020-07-02,158
Westmeath,2020-07-02,674
Wexford,2020-07-02,217
Wicklow,2020-07-02,699
Carlow,2020-07-03,175
Cavan,2020-07-03,864
Clare,2020-07-03,368
Cork,2020-07-03,1541
Donegal,2020-07-03,465
Dublin,2020-07-03,12270
Galway,2020-07-03,486
Kerry,2020-07-03,310
Kildare,2020-07-03,1494
Kilkenny,2020-07-03,356
Laois,2020-07-03,265
Leitrim,2020-07-03,82
Limerick,2020-07-03,587
Longford,2020-07-03,286
Louth,2020-07-03,781
Mayo,2020-07-03,572
Meath,2020-07-03,809
Monaghan,2020-07-03,538
Offaly,2020-07-03,483
Roscommon,2020-07-03,346
Sligo,2020-07-03,141
Tipperary,2020-07-03,542
Waterford,2020-07-03,158
Westmeath,2020-07-03,674
Wexford,2020-07-03,217
Wicklow,2020-07-03,699
Carlow,2020-07-04,175
Cavan,2020-07-04,864
Clare,2020-07-04,368
Cork,2020-07-04,1543
Donegal,2020-07-04,466
Dublin,2020-07-04,12270
Galway,2020-07-04,486
Kerry,2020-07-04,310
Kildare,2020-07-04,1497
Kilkenny,2020-07-04,356
Laois,2020-07-04,265
Leitrim,2020-07-04,82
Limerick,2020-07-04,587
Longford,2020-07-04,287
Louth,2020-07-04,782
Mayo,2020-07-04,572
Meath,2020-07-04,811
Monaghan,2020-07-04,538
Offaly,2020-07-04,486
Roscommon,2020-07-04,346
Sligo,2020-07-04,145
Tipperary,2020-07-04,542
Waterford,2020-07-04,158
Westmeath,2020-07-04,674
Wexford,2020-07-04,218
Wicklow,2020-07-04,699
Carlow,2020-07-05,175
Cavan,2020-07-05,864
Clare,2020-07-05,368
Cork,2020-07-05,1542
Donegal,2020-07-05,466
Dublin,2020-07-05,12255
Galway,2020-07-05,486
Kerry,2020-07-05,311
Kildare,2020-07-05,1498
Kilkenny,2020-07-05,356
Laois,2020-07-05,265
Leitrim,2020-07-05,82
Limerick,2020-07-05,587
Longford,2020-07-05,287
Louth,2020-07-05,782
Mayo,2020-07-05,572
Meath,2020-07-05,811
Monaghan,2020-07-05,538
Offaly,2020-07-05,486
Roscommon,2020-07-05,346
Sligo,2020-07-05,146
Tipperary,2020-07-05,542
Waterford,2020-07-05,158
Westmeath,2020-07-05,674
Wexford,2020-07-05,218
Wicklow,2020-07-05,699
Carlow,2020-07-06,175
Cavan,2020-07-06,864
Clare,2020-07-06,368
Cork,2020-07-06,1543
Donegal,2020-07-06,466
Dublin,2020-07-06,12263
Galway,2020-07-06,487
Kerry,2020-07-06,310
Kildare,2020-07-06,1499
Kilkenny,2020-07-06,356
Laois,2020-07-06,265
Leitrim,2020-07-06,82
Limerick,2020-07-06,587
Longford,2020-07-06,287
Louth,2020-07-06,785
Mayo,2020-07-06,572
Meath,2020-07-06,812
Monaghan,2020-07-06,539
Offaly,2020-07-06,486
Roscommon,2020-07-06,346
Sligo,2020-07-06,146
Tipperary,2020-07-06,543
Waterford,2020-07-06,160
Westmeath,2020-07-06,674
Wexford,2020-07-06,218
Wicklow,2020-07-06,698
Carlow,2020-07-07,175
Cavan,2020-07-07,865
Clare,2020-07-07,368
Cork,2020-07-07,1545
Donegal,2020-07-07,467
Dublin,2020-07-07,12266
Galway,2020-07-07,487
Kerry,2020-07-07,310
Kildare,2020-07-07,1500
Kilkenny,2020-07-07,356
Laois,2020-07-07,265
Leitrim,2020-07-07,82
Limerick,2020-07-07,588
Longford,2020-07-07,287
Louth,2020-07-07,785
Mayo,2020-07-07,572
Meath,2020-07-07,812
Monaghan,2020-07-07,539
Offaly,2020-07-07,486
Roscommon,2020-07-07,346
Sligo,2020-07-07,146
Tipperary,2020-07-07,543
Waterford,2020-07-07,160
Westmeath,2020-07-07,676
Wexford,2020-07-07,218
Wicklow,2020-07-07,699
Carlow,2020-07-08,175
Cavan,2020-07-08,865
Clare,2020-07-08,368
Cork,2020-07-08,1545
Donegal,2020-07-08,468
Dublin,2020-07-08,12275
Galway,2020-07-08,486
Kerry,2020-07-08,310
Kildare,2020-07-08,1503
Kilkenny,2020-07-08,356
Laois,2020-07-08,265
Leitrim,2020-07-08,82
Limerick,2020-07-08,589
Longford,2020-07-08,287
Louth,2020-07-08,785
Mayo,2020-07-08,573
Meath,2020-07-08,812
Monaghan,2020-07-08,539
Offaly,2020-07-08,486
Roscommon,2020-07-08,346
Sligo,2020-07-08,147
Tipperary,2020-07-08,543
Waterford,2020-07-08,165
Westmeath,2020-07-08,676
Wexford,2020-07-08,218
Wicklow,2020-07-08,700
Carlow,2020-07-09,176
Cavan,2020-07-09,865
Clare,2020-07-09,368
Cork,2020-07-09,1545
Donegal,2020-07-09,468
Dublin,2020-07-09,12287
Galway,2020-07-09,490
Kerry,2020-07-09,311
Kildare,2020-07-09,1506
Kilkenny,2020-07-09,356
Laois,2020-07-09,265
Leitrim,2020-07-09,82
Limerick,2020-07-09,589
Longford,2020-07-09,287
Louth,2020-07-09,785
Mayo,2020-07-09,573
Meath,2020-07-09,812
Monaghan,2020-07-09,539
Offaly,2020-07-09,486
Roscommon,2020-07-09,346
Sligo,2020-07-09,148
Tipperary,2020-07-09,543
Waterford,2020-07-09,165
Westmeath,2020-07-09,676
Wexford,2020-07-09,218
Wicklow,2020-07-09,702
Carlow,2020-07-10,176
Cavan,2020-07-10,866
Clare,2020-07-10,369
Cork,2020-07-10,1545
Donegal,2020-07-10,468
Dublin,2020-07-10,12294
Galway,2020-07-10,489
Kerry,2020-07-10,311
Kildare,2020-07-10,1513
Kilkenny,2020-07-10,356
Laois,2020-07-10,265
Leitrim,2020-07-10,82
Limerick,2020-07-10,589
Longford,2020-07-10,287
Louth,2020-07-10,787
Mayo,2020-07-10,573
Meath,2020-07-10,812
Monaghan,2020-07-10,539
Offaly,2020-07-10,486
Roscommon,2020-07-10,346
Sligo,2020-07-10,148
Tipperary,2020-07-10,543
Waterford,2020-07-10,165
Westmeath,2020-07-10,676
Wexford,2020-07-10,221
Wicklow,2020-07-10,705
Carlow,2020-07-11,176
Cavan,2020-07-11,865
Clare,2020-07-11,369
Cork,2020-07-11,1546
Donegal,2020-07-11,468
Dublin,2020-07-11,12308
Galway,2020-07-11,489
Kerry,2020-07-11,311
Kildare,2020-07-11,1513
Kilkenny,2020-07-11,356
Laois,2020-07-11,265
Leitrim,2020-07-11,82
Limerick,2020-07-11,589
Longford,2020-07-11,287
Louth,2020-07-11,787
Mayo,2020-07-11,573
Meath,2020-07-11,812
Monaghan,2020-07-11,539
Offaly,2020-07-11,486
Roscommon,2020-07-11,346
Sligo,2020-07-11,148
Tipperary,2020-07-11,543
Waterford,2020-07-11,165
Westmeath,2020-07-11,676
Wexford,2020-07-11,221
Wicklow,2020-07-11,707
Carlow,2020-07-12,176
Cavan,2020-07-12,865
Clare,2020-07-12,369
Cork,2020-07-12,1548
Donegal,2020-07-12,468
Dublin,2020-07-12,12312
Galway,2020-07-12,489
Kerry,2020-07-12,314
Kildare,2020-07-12,1514
Kilkenny,2020-07-12,356
Laois,2020-07-12,265
Leitrim,2020-07-12,82
Limerick,2020-07-12,589
Longford,2020-07-12,287
Louth,2020-07-12,787
Mayo,2020-07-12,573
Meath,2020-07-12,812
Monaghan,2020-07-12,539
Offaly,2020-07-12,486
Roscommon,2020-07-12,346
Sligo,2020-07-12,148
Tipperary,2020-07-12,543
Waterford,2020-07-12,165
Westmeath,2020-07-12,676
Wexford,2020-07-12,221
Wicklow,2020-07-12,708
Carlow,2020-07-13,176
Cavan,2020-07-13,865
Clare,2020-07-13,369
Cork,2020-07-13,1550
Donegal,2020-07-13,468
Dublin,2020-07-13,12326
Galway,2020-07-13,489
Kerry,2020-07-13,316
Kildare,2020-07-13,1517
Kilkenny,2020-07-13,356
Laois,2020-07-13,265
Leitrim,2020-07-13,82
Limerick,2020-07-13,589
Longford,2020-07-13,287
Louth,2020-07-13,789
Mayo,2020-07-13,573
Meath,2020-07-13,817
Monaghan,2020-07-13,540
Offaly,2020-07-13,486
Roscommon,2020-07-13,346
Sligo,2020-07-13,148
Tipperary,2020-07-13,543
Waterford,2020-07-13,166
Westmeath,2020-07-13,676
Wexford,2020-07-13,221
Wicklow,2020-07-13,709
Carlow,2020-07-14,176
Cavan,2020-07-14,866
Clare,2020-07-14,369
Cork,2020-07-14,1550
Donegal,2020-07-14,469
Dublin,2020-07-14,12331
Galway,2020-07-14,489
Kerry,2020-07-14,316
Kildare,2020-07-14,1517
Kilkenny,2020-07-14,356
Laois,2020-07-14,265
Leitrim,2020-07-14,82
Limerick,2020-07-14,589
Longford,2020-07-14,287
Louth,2020-07-14,789
Mayo,2020-07-14,573
Meath,2020-07-14,817
Monaghan,2020-07-14,540
Offaly,2020-07-14,486
Roscommon,2020-07-14,346
Sligo,2020-07-14,148
Tipperary,2020-07-14,543
Waterford,2020-07-14,166
Westmeath,2020-07-14,676
Wexford,2020-07-14,222
Wicklow,2020-07-14,709
Carlow,2020-07-15,177
Cavan,2020-07-15,866
Clare,2020-07-15,369
Cork,2020-07-15,1554
Donegal,2020-07-15,471
Dublin,2020-07-15,12342
Galway,2020-07-15,489
Kerry,2020-07-15,316
Kildare,2020-07-15,1517
Kilkenny,2020-07-15,356
Laois,2020-07-15,265
Leitrim,2020-07-15,82
Limerick,2020-07-15,589
Longford,2020-07-15,287
Louth,2020-07-15,790
Mayo,2020-07-15,573
Meath,2020-07-15,817
Monaghan,2020-07-15,540
Offaly,2020-07-15,485
Roscommon,2020-07-15,346
Sligo,2020-07-15,148
Tipperary,2020-07-15,543
Waterford,2020-07-15,166
Westmeath,2020-07-15,676
Wexford,2020-07-15,223
Wicklow,2020-07-15,709
Carlow,2020-07-16,178
Cavan,2020-07-16,867
Clare,2020-07-16,369
Cork,2020-07-16,1555
Donegal,2020-07-16,471
Dublin,2020-07-16,12367
Galway,2020-07-16,489
Kerry,2020-07-16,316
Kildare,2020-07-16,1518
Kilkenny,2020-07-16,356
Laois,2020-07-16,265
Leitrim,2020-07-16,83
Limerick,2020-07-16,589
Longford,2020-07-16,287
Louth,2020-07-16,791
Mayo,2020-07-16,573
Meath,2020-07-16,817
Monaghan,2020-07-16,540
Offaly,2020-07-16,486
Roscommon,2020-07-16,346
Sligo,2020-07-16,148
Tipperary,2020-07-16,543
Waterford,2020-07-16,166
Westmeath,2020-07-16,677
Wexford,2020-07-16,223
Wicklow,2020-07-16,710
Carlow,2020-07-17,178
Cavan,2020-07-17,867
Clare,2020-07-17,369
Cork,2020-07-17,1557
Donegal,2020-07-17,472
Dublin,2020-07-17,12379
Galway,2020-07-17,491
Kerry,2020-07-17,316
Kildare,2020-07-17,1521
Kilkenny,2020-07-17,356
Laois,2020-07-17,265
Leitrim,2020-07-17,83
Limerick,2020-07-17,589
Longford,2020-07-17,287
Louth,2020-07-17,791
Mayo,2020-07-17,574
Meath,2020-07-17,817
Monaghan,2020-07-17,540
Offaly,2020-07-17,486
Roscommon,2020-07-17,346
Sligo,2020-07-17,148
Tipperary,2020-07-17,543
Waterford,2020-07-17,166
Westmeath,2020-07-17,677
Wexford,2020-07-17,223
Wicklow,2020-07-17,710
Carlow,2020-07-18,178
Cavan,2020-07-18,867
Clare,2020-07-18,369
Cork,2020-07-18,1557
Donegal,2020-07-18,472
Dublin,2020-07-18,12385
Galway,2020-07-18,492
Kerry,2020-07-18,316
Kildare,2020-07-18,1523
Kilkenny,2020-07-18,356
Laois,2020-07-18,265
Leitrim,2020-07-18,83
Limerick,2020-07-18,589
Longford,2020-07-18,287
Louth,2020-07-18,791
Mayo,2020-07-18,574
Meath,2020-07-18,817
Monaghan,2020-07-18,540
Offaly,2020-07-18,486
Roscommon,2020-07-18,346
Sligo,2020-07-18,148
Tipperary,2020-07-18,543
Waterford,2020-07-18,166
Westmeath,2020-07-18,677
Wexford,2020-07-18,223
Wicklow,2020-07-18,710
Carlow,2020-07-19,178
Cavan,2020-07-19,867
Clare,2020-07-19,369
Cork,2020-07-19,1557
Donegal,2020-07-19,472
Dublin,2020-07-19,12390
Galway,2020-07-19,492
Kerry,2020-07-19,316
Kildare,2020-07-19,1524
Kilkenny,2020-07-19,356
Laois,2020-07-19,266
Leitrim,2020-07-19,83
Limerick,2020-07-19,589
Longford,2020-07-19,287
Louth,2020-07-19,791
Mayo,2020-07-19,574
Meath,2020-07-19,817
Monaghan,2020-07-19,540
Offaly,2020-07-19,486
Roscommon,2020-07-19,346
Sligo,2020-07-19,148
Tipperary,2020-07-19,543
Waterford,2020-07-19,166
Westmeath,2020-07-19,676
Wexford,2020-07-19,223
Wicklow,2020-07-19,710
Carlow,2020-07-20,179
Cavan,2020-07-20,867
Clare,2020-07-20,369
Cork,2020-07-20,1560
Donegal,2020-07-20,472
Dublin,2020-07-20,12411
Galway,2020-07-20,492
Kerry,2020-07-20,316
Kildare,2020-07-20,1525
Kilkenny,2020-07-20,356
Laois,2020-07-20,267
Leitrim,2020-07-20,83
Limerick,2020-07-20,590
Longford,2020-07-20,287
Louth,2020-07-20,791
Mayo,2020-07-20,574
Meath,2020-07-20,822
Monaghan,2020-07-20,541
Offaly,2020-07-20,487
Roscommon,2020-07-20,346
Sligo,2020-07-20,148
Tipperary,2020-07-20,543
Waterford,2020-07-20,166
Westmeath,2020-07-20,676
Wexford,2020-07-20,223
Wicklow,2020-07-20,711
Carlow,2020-07-21,179
Cavan,2020-07-21,867
Clare,2020-07-21,369
Cork,2020-07-21,1561
Donegal,2020-07-21,472
Dublin,2020-07-21,12422
Galway,2020-07-21,492
Kerry,2020-07-21,316
Kildare,2020-07-21,1526
Kilkenny,2020-07-21,356
Laois,2020-07-21,267
Leitrim,2020-07-21,83
Limerick,2020-07-21,591
Longford,2020-07-21,287
Louth,2020-07-21,791
Mayo,2020-07-21,574
Meath,2020-07-21,823
Monaghan,2020-07-21,541
Offaly,2020-07-21,487
Roscommon,2020-07-21,346
Sligo,2020-07-21,148
Tipperary,2020-07-21,543
Waterford,2020-07-21,166
Westmeath,2020-07-21,677
Wexford,2020-07-21,223
Wicklow,2020-07-21,712
Carlow,2020-07-22,179
Cavan,2020-07-22,867
Clare,2020-07-22,369
Cork,2020-07-22,1560
Donegal,2020-07-22,472
Dublin,2020-07-22,12424
Galway,2020-07-22,492
Kerry,2020-07-22,316
Kildare,2020-07-22,1529
Kilkenny,2020-07-22,356
Laois,2020-07-22,267
Leitrim,2020-07-22,83
Limerick,2020-07-22,591
Longford,2020-07-22,287
Louth,2020-07-22,791
Mayo,2020-07-22,575
Meath,2020-07-22,824
Monaghan,2020-07-22,541
Offaly,2020-07-22,487
Roscommon,2020-07-22,346
Sligo,2020-07-22,148
Tipperary,2020-07-22,543
Waterford,2020-07-22,166
Westmeath,2020-07-22,677
Wexford,2020-07-22,223
Wicklow,2020-07-22,712
Carlow,2020-07-23,179
Cavan,2020-07-23,867
Clare,2020-07-23,369
Cork,2020-07-23,1560
Donegal,2020-07-23,472
Dublin,2020-07-23,12439
Galway,2020-07-23,493
Kerry,2020-07-23,316
Kildare,2020-07-23,1532
Kilkenny,2020-07-23,356
Laois,2020-07-23,267
Leitrim,2020-07-23,83
Limerick,2020-07-23,591
Longford,2020-07-23,287
Louth,2020-07-23,792
Mayo,2020-07-23,575
Meath,2020-07-23,824
Monaghan,2020-07-23,541
Offaly,2020-07-23,487
Roscommon,2020-07-23,346
Sligo,2020-07-23,148
Tipperary,2020-07-23,543
Waterford,2020-07-23,166
Westmeath,2020-07-23,677
Wexford,2020-07-23,223
Wicklow,2020-07-23,712
Carlow,2020-07-24,179
Cavan,2020-07-24,867
Clare,2020-07-24,372
Cork,2020-07-24,1562
Donegal,2020-07-24,472
Dublin,2020-07-24,12450
Galway,2020-07-24,493
Kerry,2020-07-24,317
Kildare,2020-07-24,1534
Kilkenny,2020-07-24,356
Laois,2020-07-24,268
Leitrim,2020-07-24,83
Limerick,2020-07-24,591
Longford,2020-07-24,288
Louth,2020-07-24,792
Mayo,2020-07-24,575
Meath,2020-07-24,826
Monaghan,2020-07-24,541
Offaly,2020-07-24,487
Roscommon,2020-07-24,346
Sligo,2020-07-24,148
Tipperary,2020-07-24,544
Waterford,2020-07-24,166
Westmeath,2020-07-24,677
Wexford,2020-07-24,223
Wicklow,2020-07-24,712
Carlow,2020-07-25,179
Cavan,2020-07-25,867
Clare,2020-07-25,372
Cork,2020-07-25,1562
Donegal,2020-07-25,472
Dublin,2020-07-25,12459
Galway,2020-07-25,493
Kerry,2020-07-25,317
Kildare,2020-07-25,1535
Kilkenny,2020-07-25,356
Laois,2020-07-25,268
Leitrim,2020-07-25,83
Limerick,2020-07-25,591
Longford,2020-07-25,288
Louth,2020-07-25,792
Mayo,2020-07-25,576
Meath,2020-07-25,826
Monaghan,2020-07-25,541
Offaly,2020-07-25,487
Roscommon,2020-07-25,346
Sligo,2020-07-25,148
Tipperary,2020-07-25,544
Waterford,2020-07-25,166
Westmeath,2020-07-25,677
Wexford,2020-07-25,223
Wicklow,2020-07-25,713
Carlow,2020-07-26,179
Cavan,2020-07-26,867
Clare,2020-07-26,372
Cork,2020-07-26,1563
Donegal,2020-07-26,472
Dublin,2020-07-26,12464
Galway,2020-07-26,493
Kerry,2020-07-26,317
Kildare,2020-07-26,1538
Kilkenny,2020-07-26,356
Laois,2020-07-26,268
Leitrim,2020-07-26,83
Limerick,2020-07-26,591
Longford,2020-07-26,288
Louth,2020-07-26,792
Mayo,2020-07-26,576
Meath,2020-07-26,825
Monaghan,2020-07-26,541
Offaly,2020-07-26,487
Roscommon,2020-07-26,346
Sligo,2020-07-26,149
Tipperary,2020-07-26,544
Waterford,2020-07-26,166
Westmeath,2020-07-26,677
Wexford,2020-07-26,223
Wicklow,2020-07-26,713
Carlow,2020-07-27,179
Cavan,2020-07-27,868
Clare,2020-07-27,380
Cork,2020-07-27,1563
Donegal,2020-07-27,473
Dublin,2020-07-27,12480
Galway,2020-07-27,495
Kerry,2020-07-27,317
Kildare,2020-07-27,1541
Kilkenny,2020-07-27,356
Laois,2020-07-27,271
Leitrim,2020-07-27,84
Limerick,2020-07-27,591
Longford,2020-07-27,288
Louth,2020-07-27,793
Mayo,2020-07-27,576
Meath,2020-07-27,826
Monaghan,2020-07-27,541
Offaly,2020-07-27,487
Roscommon,2020-07-27,346
Sligo,2020-07-27,149
Tipperary,2020-07-27,544
Waterford,2020-07-27,166
Westmeath,2020-07-27,678
Wexford,2020-07-27,223
Wicklow,2020-07-27,713
Carlow,2020-07-28,179
Cavan,2020-07-28,868
Clare,2020-07-28,380
Cork,2020-07-28,1563
Donegal,2020-07-28,473
Dublin,2020-07-28,12487
Galway,2020-07-28,495
Kerry,2020-07-28,317
Kildare,2020-07-28,1543
Kilkenny,2020-07-28,357
Laois,2020-07-28,273
Leitrim,2020-07-28,84
Limerick,2020-07-28,592
Longford,2020-07-28,288
Louth,2020-07-28,793
Mayo,2020-07-28,576
Meath,2020-07-28,826
Monaghan,2020-07-28,541
Offaly,2020-07-28,487
Roscommon,2020-07-28,346
Sligo,2020-07-28,149
Tipperary,2020-07-28,544
Waterford,2020-07-28,166
Westmeath,2020-07-28,679
Wexford,2020-07-28,223
Wicklow,2020-07-28,713
Carlow,2020-07-29,179
Cavan,2020-07-29,870
Clare,2020-07-29,391
Cork,2020-07-29,1566
Donegal,2020-07-29,473
Dublin,2020-07-29,12505
Galway,2020-07-29,495
Kerry,2020-07-29,317
Kildare,2020-07-29,1572
Kilkenny,2020-07-29,357
Laois,2020-07-29,282
Leitrim,2020-07-29,84
Limerick,2020-07-29,599
Longford,2020-07-29,288
Louth,2020-07-29,793
Mayo,2020-07-29,576
Meath,2020-07-29,829
Monaghan,2020-07-29,541
Offaly,2020-07-29,488
Roscommon,2020-07-29,346
Sligo,2020-07-29,149
Tipperary,2020-07-29,545
Waterford,2020-07-29,166
Westmeath,2020-07-29,680
Wexford,2020-07-29,224
Wicklow,2020-07-29,712
Carlow,2020-07-30,179
Cavan,2020-07-30,870
Clare,2020-07-30,391
Cork,2020-07-30,1567
Donegal,2020-07-30,474
Dublin,2020-07-30,12520
Galway,2020-07-30,495
Kerry,2020-07-30,317
Kildare,2020-07-30,1589
Kilkenny,2020-07-30,357
Laois,2020-07-30,283
Leitrim,2020-07-30,84
Limerick,2020-07-30,600
Longford,2020-07-30,288
Louth,2020-07-30,794
Mayo,2020-07-30,576
Meath,2020-07-30,829
Monaghan,2020-07-30,541
Offaly,2020-07-30,488
Roscommon,2020-07-30,346
Sligo,2020-07-30,149
Tipperary,2020-07-30,545
Waterford,2020-07-30,166
Westmeath,2020-07-30,680
Wexford,2020-07-30,224
Wicklow,2020-07-30,712
Carlow,2020-07-31,179
Cavan,2020-07-31,876
Clare,2020-07-31,391
Cork,2020-07-31,1567
Donegal,2020-07-31,474
Dublin,2020-07-31,12524
Galway,2020-07-31,498
Kerry,2020-07-31,317
Kildare,2020-07-31,1597
Kilkenny,2020-07-31,357
Laois,2020-07-31,286
Leitrim,2020-07-31,84
Limerick,2020-07-31,609
Longford,2020-07-31,288
Louth,2020-07-31,794
Mayo,2020-07-31,583
Meath,2020-07-31,830
Monaghan,2020-07-31,542
Offaly,2020-07-31,491
Roscommon,2020-07-31,346
Sligo,2020-07-31,149
Tipperary,2020-07-31,545
Waterford,2020-07-31,166
Westmeath,2020-07-31,680
Wexford,2020-07-31,224
Wicklow,2020-07-31,712
Carlow,2020-08-01,179
Cavan,2020-08-01,876
Clare,2020-08-01,391
Cork,2020-08-01,1567
Donegal,2020-08-01,476
Dublin,2020-08-01,12549
Galway,2020-08-01,498
Kerry,2020-08-01,317
Kildare,2020-08-01,1603
Kilkenny,2020-08-01,357
Laois,2020-08-01,305
Leitrim,2020-08-01,84
Limerick,2020-08-01,609
Longford,2020-08-01,288
Louth,2020-08-01,794
Mayo,2020-08-01,583
Meath,2020-08-01,830
Monaghan,2020-08-01,542
Offaly,2020-08-01,492
Roscommon,2020-08-01,346
Sligo,2020-08-01,149
Tipperary,2020-08-01,545
Waterford,2020-08-01,166
Westmeath,2020-08-01,680
Wexford,2020-08-01,224
Wicklow,2020-08-01,712
Carlow,2020-08-02,179
Cavan,2020-08-02,876
Clare,2020-08-02,399
Cork,2020-08-02,1569
Donegal,2020-08-02,476
Dublin,2020-08-02,12551
Galway,2020-08-02,498
Kerry,2020-08-02,318
Kildare,2020-08-02,1618
Kilkenny,2020-08-02,357
Laois,2020-08-02,313
Leitrim,2020-08-02,85
Limerick,2020-08-02,610
Longford,2020-08-02,288
Louth,2020-08-02,795
Mayo,2020-08-02,583
Meath,2020-08-02,831
Monaghan,2020-08-02,542
Offaly,2020-08-02,497
Roscommon,2020-08-02,346
Sligo,2020-08-02,150
Tipperary,2020-08-02,545
Waterford,2020-08-02,166
Westmeath,2020-08-02,681
Wexford,2020-08-02,224
Wicklow,2020-08-02,712
Carlow,2020-08-03,179
Cavan,2020-08-03,878
Clare,2020-08-03,399
Cork,2020-08-03,1570
Donegal,2020-08-03,476
Dublin,2020-08-03,12559
Galway,2020-08-03,498
Kerry,2020-08-03,318
Kildare,2020-08-03,1651
Kilkenny,2020-08-03,357
Laois,2020-08-03,314
Leitrim,2020-08-03,85
Limerick,2020-08-03,610
Longford,2020-08-03,288
Louth,2020-08-03,795
Mayo,2020-08-03,583
Meath,2020-08-03,831
Monaghan,2020-08-03,542
Offaly,2020-08-03,497
Roscommon,2020-08-03,346
Sligo,2020-08-03,151
Tipperary,2020-08-03,545
Waterford,2020-08-03,166
Westmeath,2020-08-03,681
Wexford,2020-08-03,224
Wicklow,2020-08-03,712
Carlow,2020-08-04,180
Cavan,2020-08-04,878
Clare,2020-08-04,399
Cork,2020-08-04,1572
Donegal,2020-08-04,481
Dublin,2020-08-04,12564
Galway,2020-08-04,498
Kerry,2020-08-04,318
Kildare,2020-08-04,1661
Kilkenny,2020-08-04,357
Laois,2020-08-04,314
Leitrim,2020-08-04,85
Limerick,2020-08-04,613
Longford,2020-08-04,288
Louth,2020-08-04,796
Mayo,2020-08-04,583
Meath,2020-08-04,834
Monaghan,2020-08-04,542
Offaly,2020-08-04,500
Roscommon,2020-08-04,346
Sligo,2020-08-04,153
Tipperary,2020-08-04,546
Waterford,2020-08-04,166
Westmeath,2020-08-04,681
Wexford,2020-08-04,235
Wicklow,2020-08-04,713
Carlow,2020-08-05,180
Cavan,2020-08-05,878
Clare,2020-08-05,401
Cork,2020-08-05,1575
Donegal,2020-08-05,482
Dublin,2020-08-05,12569
Galway,2020-08-05,499
Kerry,2020-08-05,318
Kildare,2020-08-05,1680
Kilkenny,2020-08-05,357
Laois,2020-08-05,322
Leitrim,2020-08-05,85
Limerick,2020-08-05,616
Longford,2020-08-05,288
Louth,2020-08-05,797
Mayo,2020-08-05,583
Meath,2020-08-05,835
Monaghan,2020-08-05,542
Offaly,2020-08-05,523
Roscommon,2020-08-05,346
Sligo,2020-08-05,153
Tipperary,2020-08-05,546
Waterford,2020-08-05,166
Westmeath,2020-08-05,681
Wexford,2020-08-05,237
Wicklow,2020-08-05,713
Carlow,2020-08-06,181
Cavan,2020-08-06,880
Clare,2020-08-06,401
Cork,2020-08-06,1575
Donegal,2020-08-06,486
Dublin,2020-08-06,12574
Galway,2020-08-06,499
Kerry,2020-08-06,318
Kildare,2020-08-06,1715
Kilkenny,2020-08-06,358
Laois,2020-08-06,326
Leitrim,2020-08-06,85
Limerick,2020-08-06,619
Longford,2020-08-06,288
Louth,2020-08-06,799
Mayo,2020-08-06,583
Meath,2020-08-06,839
Monaghan,2020-08-06,543
Offaly,2020-08-06,550
Roscommon,2020-08-06,346
Sligo,2020-08-06,153
Tipperary,2020-08-06,546
Waterford,2020-08-06,166
Westmeath,2020-08-06,682
Wexford,2020-08-06,243
Wicklow,2020-08-06,715
Carlow,2020-08-07,185
Cavan,2020-08-07,881
Clare,2020-08-07,403
Cork,2020-08-07,1582
Donegal,2020-08-07,487
Dublin,2020-08-07,12601
Galway,2020-08-07,500
Kerry,2020-08-07,318
Kildare,2020-08-07,1825
Kilkenny,2020-08-07,359
Laois,2020-08-07,327
Leitrim,2020-08-07,85
Limerick,2020-08-07,620
Longford,2020-08-07,288
Louth,2020-08-07,799
Mayo,2020-08-07,584
Meath,2020-08-07,845
Monaghan,2020-08-07,543
Offaly,2020-08-07,557
Roscommon,2020-08-07,347
Sligo,2020-08-07,153
Tipperary,2020-08-07,547
Waterford,2020-08-07,166
Westmeath,2020-08-07,682
Wexford,2020-08-07,244
Wicklow,2020-08-07,716
Carlow,2020-08-08,185
Cavan,2020-08-08,881
Clare,2020-08-08,403
Cork,2020-08-08,1582
Donegal,2020-08-08,492
Dublin,2020-08-08,12617
Galway,2020-08-08,500
Kerry,2020-08-08,318
Kildare,2020-08-08,1845
Kilkenny,2020-08-08,359
Laois,2020-08-08,339
Leitrim,2020-08-08,85
Limerick,2020-08-08,620
Longford,2020-08-08,288
Louth,2020-08-08,799
Mayo,2020-08-08,584
Meath,2020-08-08,845
Monaghan,2020-08-08,543
Offaly,2020-08-08,572
Roscommon,2020-08-08,347
Sligo,2020-08-08,153
Tipperary,2020-08-08,546
Waterford,2020-08-08,166
Westmeath,2020-08-08,682
Wexford,2020-08-08,244
Wicklow,2020-08-08,716
